<?xml version="1.0" encoding="UTF-8"?>
<SPDXLicenseCollection xmlns="http://www.spdx.org/license">
  <exception licenseId="GPL-3.0-linking-source-exception" name="GPL-3.0 Linking Exception (with Corresponding Source)" listVersionAdded="3.8">
    <crossRefs>
      <crossRef>https://www.gnu.org/licenses/gpl-faq.en.html#GPLIncompatibleLibs</crossRef>
      <crossRef>https://github.com/mirror/wget/blob/master/src/http.c#L20</crossRef>
    </crossRefs>
    <notes>
      This exception is based on the suggested template from the Free Software Foundation's FAQ about the GPL. This variant includes the second optional sentence regarding Corresponding Source. For a variant without that sentence, please see GPL-3.0-linking-exception.
    </notes>
    <text>
      <titleText>
	<optional>
	<p>
	  Additional permission under GNU GPL version 3 section 7
	</p>
	</optional>
      </titleText>
      <p>
	If you modify this Program, or any covered work, by linking or combining it with <alt match=".+" name="library1">[name of library]</alt> (or a modified version of that library), containing parts covered by the terms of <alt match=".+" name="libraryLicense1">[name of library's license]</alt>, the licensors of this Program grant you additional permission to convey the resulting work. Corresponding Source for a non-source form of such a combination shall include the source code for the parts of <alt match=".+" name="library2">[name of library]</alt> used as well as that of the covered work.
      </p>
    </text>
  </exception>
</SPDXLicenseCollection>
