<?xml version="1.0" encoding="UTF-8"?>
<SPDXLicenseCollection xmlns="http://www.spdx.org/license">
   <exception licenseId="OCCT-exception-1.0" name="Open CASCADE Exception 1.0">
      <crossRefs>
         <crossRef>http://www.opencascade.com/content/licensing</crossRef>
      </crossRefs>
      <notes>Open CASCADE Technology version 6.7.0 and later are governed by (LGPL-2.1 with this exception.)
    A specific license (OCCT-PL) is applied to Open CASCADE Technology version 6.6.0 and earlier.</notes>
    <text>
      <titleText>
         <p>Open CASCADE Exception (version 1.0) to GNU LGPL version 2.1.</p>
      </titleText>
      <p>The object code (i.e. not a source) form of a "work that uses the
         Library" can incorporate material from a header file that is
         part of the Library. As a special exception to the GNU Lesser
         General Public License version 2.1, you may distribute such
         object code incorporating material from header files provided
         with the Open CASCADE Technology libraries (including code of
         CDL generic classes) under terms of your choice, provided that
         you give prominent notice in supporting documentation to this
         code that it makes use of or is based on facilities provided
         by the Open CASCADE Technology software.</p>
    </text>
  </exception>
</SPDXLicenseCollection>
