<?xml version="1.0" encoding="UTF-8"?>
<SPDXLicenseCollection xmlns="http://www.spdx.org/license">
   <exception licenseId="openvpn-openssl-exception" name="OpenVPN OpenSSL Exception">
      <crossRefs>
         <crossRef>http://openvpn.net/index.php/license.html</crossRef>
      </crossRefs>
      <notes>Typically used with GPL 2.0</notes>
    <text>
      <titleText>
         <p>Special exception for linking OpenVPN with OpenSSL:</p>
      </titleText>
      <p>In addition, as a special exception, OpenVPN Technologies, Inc.
         gives permission to link the code of this program with the
         OpenSSL Library (or with modified versions of OpenSSL that use
         the same license as OpenSSL), and distribute linked
         combinations including the two. You must obey the GNU General
         Public License in all respects for all of the code used other
         than OpenSSL. If you modify this file, you may extend this
         exception to your version of the file, but you are not
         obligated to do so. If you do not wish to do so, delete this
         exception statement from your version.</p>
    </text>
  </exception>
</SPDXLicenseCollection>
