<?xml version="1.0" encoding="UTF-8"?>
<SPDXLicenseCollection xmlns="http://www.spdx.org/license">
    <exception licenseId="SHL-2.0" name="Solderpad Hardware License v2.0" listVersionAdded="3.9">
        <crossRefs>
            <crossRef>https://solderpad.org/licenses/SHL-2.0/</crossRef>
        </crossRefs>
        <notes>Used with Apache-2.0. Italicized text from original license is not reflected in this copy but can be seen in license steward's version at https://solderpad.org/licenses/SHL-2.0/</notes>
        <text>
            <titleText># Solderpad Hardware Licence Version 2.0</titleText>
            <p>This licence (the “Licence”) operates as a wraparound licence to the Apache License Version 2.0 (the “Apache License”) and grants to You the rights, and imposes the obligations, set out in the Apache License (which can be found here: http://apache.org/licenses/LICENSE-2.0), with the following extensions. It must be read in conjunction with the Apache License. Section 1 below modifies definitions in the Apache License, and section 2 below replaces sections 2 of the Apache License. You may, at your option, choose to treat any Work released under this License as released under the Apache License (thus ignoring all sections written below entirely). Words in italics indicate changes rom the Apache License, but are indicative and not to be taken into account in interpretation.</p>
            <list>
                <item>
                    <bullet>1.</bullet> The definitions set out in the Apache License are modified as follows:
                    <p>Copyright any reference to ‘copyright’ (whether capitalised or not) includes ‘Rights’ (as defined below).</p>
                    <p>Contribution also includes any design, as well as any work of authorship.</p>
                    <p>Derivative Works shall not include works that remain reversibly separable from, or merely link (or bind by name) or physically connect to or interoperate with the interfaces of the Work and Derivative Works thereof.</p>
                    <p>Object form shall mean any form resulting from mechanical transformation or translation of a Source form or the application of a Source form to physical material, including but not limited to compiled object code, generated documentation, the instantiation of a hardware design or physical object and conversions to other media types, including intermediate forms such as bytecodes, FPGA bitstreams, moulds, artwork and semiconductor topographies (mask works).</p>
                    <p>Rights means copyright and any similar right including design right (whether registered or unregistered), semiconductor topography (mask) rights and database rights (but excluding Patents and Trademarks).</p>
                    <p>Source form shall mean the preferred form for making modifications, including but not limited to source code, net lists, board layouts, CAD files, documentation source, and configuration files.</p>
                    <p>Work also includes a design or work of authorship, whether in Source form or other Object form.</p>
                </item>
                <item>
                    <bullet>2.</bullet> Grant of Licence
                    <list>
                        <item>2.1 Subject to the terms and conditions of this License, each Contributor hereby grants to You a perpetual, worldwide, non-exclusive, no-charge, royalty-free, irrevocable license under the Rights to reproduce, prepare Derivative Works of, make, adapt, repair, publicly display, publicly perform, sublicense, and distribute the Work and such Derivative Works in Source or Object form and do anything in relation to the Work as if the Rights did not exist.</item>
                    </list>
                </item>
            </list>
        </text>
    </exception>
</SPDXLicenseCollection>
