<?xml version="1.0" encoding="UTF-8"?>
<SPDXLicenseCollection xmlns="http://www.spdx.org/license">
   <license isOsiApproved="true" licenseId="AAL" name="Attribution Assurance License">
      <crossRefs>
         <crossRef>https://opensource.org/licenses/attribution</crossRef>
      </crossRefs>
      <notes>
    This license was released: 2002
    Originally written by Edwin A. Suominen for licensing his PRIVARIA secure networking software
        (see www.privaria.org). The author, who is not an attorney, places this license template into
        the public domain along with a complete disclaimer of any warranty or responsibility for its
        content or legal efficacy. You may use or modify the language freely, but entirely at your
        own risk.
  </notes>
    <text>
      <titleText>
         <p>Attribution Assurance License</p>
      </titleText>
      <copyrightText>
         <p>Copyright (c) 2002 by AUTHOR PROFESSIONAL IDENTIFICATION * URL "PROMOTIONAL SLOGAN FOR AUTHOR'S PROFESSIONAL PRACTICE"
         </p>
         <p>All Rights Reserved</p>
      </copyrightText>
      <titleText>
         <p>ATTRIBUTION ASSURANCE LICENSE (adapted from the original BSD license)</p>
      </titleText>

      <p>Redistribution and use in source and binary forms, with or without modification, are permitted provided
         that the conditions below are met. These conditions require a modest attribution to
        <alt match=".+" name="author">&lt;AUTHOR&gt;</alt> (the "Author"), who hopes that its promotional value
        may help justify the thousands of dollars in otherwise billable time invested in writing this and other
        freely available, open-source software.
      </p>
      <list>
        <item>
            <bullet>1.</bullet>
          Redistributions of source code, in whole or part and with or without modification (the "Code"),
             must prominently display this GPG-signed text in verifiable form.
        </item>
        <item>
            <bullet>2.</bullet>
          Redistributions of the Code in binary form must be accompanied by this GPG-signed text in any
             documentation and, each time the resulting executable program or a program dependent thereon
             is launched, a prominent display (e.g., splash screen or banner text) of the Author's
             attribution information, which includes:
        </item>
        <list>
            <item>
               <bullet>(a)</bullet>

              <alt match=".+" name="author">Name</alt> ("AUTHOR"),

          </item>
            <item>
               <bullet>(b)</bullet>

              <alt match=".+" name="profIdent">Professional identification</alt> ("PROFESSIONAL IDENTIFICATION"), and

          </item>
            <item>
               <bullet>(c)</bullet>

              <alt match=".+" name="url">URL</alt> ("URL").

          </item>
        </list>
        <item>
            <bullet>3.</bullet>
          Neither the name nor any trademark of the Author may be used to endorse or promote products
             derived from this software without specific prior written permission.
        </item>
        <item>
            <bullet>4.</bullet>
          Users are entirely responsible, to the exclusion of the Author and any other persons, for
             compliance with (1) regulations set by owners or administrators of employed equipment, (2)
             licensing terms of any other software, and (3) local regulations regarding use, including
             those regarding import, export, and use of encryption software.
        </item>
      </list>
      <p>THIS FREE SOFTWARE IS PROVIDED BY THE AUTHOR "AS IS" AND ANY EXPRESS OR IMPLIED WARRANTIES, INCLUDING,
         BUT NOT LIMITED TO, THE IMPLIED WARRANTIES OF MERCHANTABILITY AND FITNESS FOR A PARTICULAR PURPOSE ARE
         DISCLAIMED. IN NO EVENT SHALL THE AUTHOR OR ANY CONTRIBUTOR BE LIABLE FOR ANY DIRECT, INDIRECT,
         INCIDENTAL, SPECIAL, EXEMPLARY, OR CONSEQUENTIAL DAMAGES (INCLUDING, BUT NOT LIMITED TO, EFFECTS OF
         UNAUTHORIZED OR MALICIOUS NETWORK ACCESS; PROCUREMENT OF SUBSTITUTE GOODS OR SERVICES; LOSS OF USE,
         DATA, OR PROFITS; OR BUSINESS INTERRUPTION) HOWEVER CAUSED AND ON ANY THEORY OF LIABILITY, WHETHER IN
         CONTRACT, STRICT LIABILITY, OR TORT (INCLUDING NEGLIGENCE OR OTHERWISE) ARISING IN ANY WAY OUT OF THE
         USE OF THIS SOFTWARE, EVEN IF ADVISED OF THE POSSIBILITY OF SUCH DAMAGE.</p>
    </text>
  </license>
</SPDXLicenseCollection>
