<?xml version="1.0" encoding="UTF-8"?>
<SPDXLicenseCollection xmlns="http://www.spdx.org/license">
   <license isOsiApproved="false" licenseId="Adobe-2006"
            name="Adobe Systems Incorporated Source Code License Agreement">
      <crossRefs>
         <crossRef>https://fedoraproject.org/wiki/Licensing/AdobeLicense</crossRef>
      </crossRefs>
    <text>
      <titleText>
         <p>Adobe Systems Incorporated(r) Source Code License Agreement</p>
      </titleText>
      <copyrightText>
         <p>Copyright(c) 2006 Adobe Systems Incorporated. All rights reserved.</p>
      </copyrightText>

      <p>Please read this Source Code License Agreement carefully before using the source code.</p>
      <p>Adobe Systems Incorporated grants to you a perpetual, worldwide, non-exclusive, no-charge, royalty-free,
         irrevocable copyright license, to reproduce, prepare derivative works of, publicly display, publicly
         perform, and distribute this source code and such derivative works in source or object code form without
         any attribution requirements.</p>
      <p>The name "Adobe Systems Incorporated" must not be used to endorse or promote products derived from the source
         code without prior written permission.</p>
      <p>You agree to indemnify, hold harmless and defend Adobe Systems Incorporated from and against any loss,
         damage, claims or lawsuits, including attorney's fees that arise or result from your use or distribution
         of the source code.</p>
      <p>THIS SOURCE CODE IS PROVIDED "AS IS" AND "WITH ALL FAULTS", WITHOUT ANY TECHNICAL SUPPORT OR ANY EXPRESSED OR
         IMPLIED WARRANTIES, INCLUDING, BUT NOT LIMITED TO, THE IMPLIED WARRANTIES OF MERCHANTABILITY AND FITNESS
         FOR A PARTICULAR PURPOSE ARE DISCLAIMED. ALSO, THERE IS NO WARRANTY OF NON-INFRINGEMENT, TITLE OR QUIET
         ENJOYMENT. IN NO EVENT SHALL MACROMEDIA OR ITS SUPPLIERS BE LIABLE FOR ANY DIRECT, INDIRECT, INCIDENTAL,
         SPECIAL, EXEMPLARY, OR CONSEQUENTIAL DAMAGES (INCLUDING, BUT NOT LIMITED TO, PROCUREMENT OF SUBSTITUTE
         GOODS OR SERVICES; LOSS OF USE, DATA, OR PROFITS; OR BUSINESS INTERRUPTION) HOWEVER CAUSED AND ON ANY
         THEORY OF LIABILITY, WHETHER IN CONTRACT, STRICT LIABILITY, OR TORT (INCLUDING NEGLIGENCE OR OTHERWISE)
         ARISING IN ANY WAY OUT OF THE USE OF THIS SOURCE CODE, EVEN IF ADVISED OF THE POSSIBILITY OF SUCH
         DAMAGE.</p>
    </text>
  </license>
</SPDXLicenseCollection>
