<?xml version="1.0" encoding="UTF-8"?>
<SPDXLicenseCollection xmlns="http://www.spdx.org/license">
   <license isOsiApproved="true" licenseId="Apache-1.1" name="Apache License 1.1">
      <crossRefs>
         <crossRef>http://apache.org/licenses/LICENSE-1.1</crossRef>
         <crossRef>https://opensource.org/licenses/Apache-1.1</crossRef>
      </crossRefs>
      <notes>This license has been superseded by Apache License 2.0</notes>
    <text>
      <titleText>
         <p>Apache License 1.1</p>
      </titleText>
      <copyrightText>
         <p>Copyright (c) 2000 The Apache Software Foundation. All rights reserved.</p>
      </copyrightText>
      <p>Redistribution and use in source and binary forms, with or without modification, are permitted provided
       that the following conditions are met:</p>
      <list>
         <item>
            <bullet>1.</bullet>
        Redistributions of source code must retain the above copyright notice, this list of conditions
           and the following disclaimer.
      </item>
         <item>
            <bullet>2.</bullet>
        Redistributions in binary form must reproduce the above copyright notice, this list of conditions
           and the following disclaimer in the documentation and/or other materials provided with the
           distribution.
      </item>
         <item>
            <bullet>3.</bullet>
        The end-user documentation included with the redistribution, if any, must include the following
           acknowledgment:
          <br/>"This product includes software developed by
          <alt match=".+" name="organizationClause3">the Apache Software Foundation (http://www.apache.org/)</alt>."
          <br/>Alternately, this acknowledgment may appear in the software itself, if and wherever such
               third-party acknowledgments normally appear.

      </item>
         <item>
            <bullet>4.</bullet>
        The
          <alt match="name\(s\)|name|name" name="nameClause4">name</alt>
            <alt match=".+" name="organizationClause4">"Apache" and "Apache Software Foundation"</alt> must
          not be used to endorse or promote products derived from this software without prior written
          permission. <optional>For written permission, please contact apache@apache.org</optional>.

      </item>
         <item>
            <bullet>5.</bullet>
        <alt match="(Products derived from this software may not be called\s.+nor may\s.+appear in their name, without prior written permission of\s.+.|Products may not include\s.+in their name, without prior written permission of\s.+.)" name="Clause5">Products derived from this software may not be called "Apache" 
		[ex. "Jakarta," "Apache," or "Apache Commons,"] nor may "Apache" [ex. the names] appear in their name, 
		without prior written permission of the Apache Software Foundation.</alt>
      </item>
      </list>
      <p>THIS SOFTWARE IS PROVIDED ''AS IS'' AND ANY EXPRESSED OR IMPLIED WARRANTIES, INCLUDING, BUT NOT LIMITED
       TO, THE IMPLIED WARRANTIES OF MERCHANTABILITY AND FITNESS FOR A PARTICULAR PURPOSE ARE DISCLAIMED. IN
       NO EVENT SHALL
      <alt match=".+" name="copyrightHolderLiability">THE APACHE SOFTWARE FOUNDATION OR ITS CONTRIBUTORS</alt>
      BE LIABLE FOR ANY DIRECT, INDIRECT, INCIDENTAL, SPECIAL, EXEMPLARY, OR CONSEQUENTIAL DAMAGES (INCLUDING,
      BUT NOT LIMITED TO, PROCUREMENT OF SUBSTITUTE GOODS OR SERVICES; LOSS OF USE, DATA, OR PROFITS; OR
      BUSINESS INTERRUPTION) HOWEVER CAUSED AND ON ANY THEORY OF LIABILITY, WHETHER IN CONTRACT, STRICT
      LIABILITY, OR TORT (INCLUDING NEGLIGENCE OR OTHERWISE) ARISING IN ANY WAY OUT OF THE USE OF THIS
      SOFTWARE, EVEN IF ADVISED OF THE POSSIBILITY OF SUCH DAMAGE.
    </p>
      <p>
         <optional>This software consists of voluntary contributions made by many individuals on behalf of the Apache
       Software Foundation. For more information on the Apache Software Foundation, please see
       http://www.apache.org/. Portions of this software are based upon public domain software originally
       written at the National Center for Supercomputing Applications, University of Illinois,
      Urbana-Champaign.</optional>
      </p>
    </text>
  </license>
</SPDXLicenseCollection>
