<?xml version="1.0" encoding="UTF-8"?>
<SPDXLicenseCollection xmlns="http://www.spdx.org/license">
   <license isOsiApproved="false" licenseId="BSD-3-Clause-No-Nuclear-License-2014"
            name="BSD 3-Clause No Nuclear License 2014">
      <crossRefs>
         <crossRef>https://java.net/projects/javaeetutorial/pages/BerkeleyLicense</crossRef>
      </crossRefs>
      <notes>This license has a Oracle copyright notice. It is the same license as
         BSD-3-Clause-No-Nuclear-License, except it has a different
         entire disclaimer clause that is the same as
         BSD-3-Clause.</notes>
    <text>
      <copyrightText>
         <p>Copyright © 2008, 2014 Oracle and/or its affiliates. All rights
         reserved.</p>
      </copyrightText>
      <p>Use is subject to license terms.</p>
      <p>Redistribution and use in source and binary forms, with or
         without modification, are permitted provided that the
         following conditions are met:</p>
      <list>
        <item>
            <bullet>*</bullet>
          Redistributions of source code must retain the above
             copyright notice, this list of conditions and the
             following disclaimer.
        </item>
        <item>
            <bullet>*</bullet>
          Redistributions in binary form must reproduce the above
             copyright notice, this list of conditions and the
             following disclaimer in the documentation and/or other
             materials provided with the distribution.
        </item>
        <item>
            <bullet>*</bullet>
          Neither the name of Oracle Corporation nor the names of
             its contributors may be used to endorse or promote
             products derived from this software without specific
             prior written permission.
        </item>
      </list>
      <p>THIS SOFTWARE IS PROVIDED BY THE COPYRIGHT HOLDERS AND
         CONTRIBUTORS "AS IS" AND ANY EXPRESS OR IMPLIED WARRANTIES,
         INCLUDING, BUT NOT LIMITED TO, THE IMPLIED WARRANTIES OF
         MERCHANTABILITY AND FITNESS FOR A PARTICULAR PURPOSE ARE
         DISCLAIMED. IN NO EVENT SHALL THE COPYRIGHT OWNER OR
         CONTRIBUTORS BE LIABLE FOR ANY DIRECT, INDIRECT, INCIDENTAL,
         SPECIAL, EXEMPLARY, OR CONSEQUENTIAL DAMAGES (INCLUDING, BUT
         NOT LIMITED TO, PROCUREMENT OF SUBSTITUTE GOODS OR SERVICES;
         LOSS OF USE, DATA, OR PROFITS; OR BUSINESS INTERRUPTION)
         HOWEVER CAUSED AND ON ANY THEORY OF LIABILITY, WHETHER IN
         CONTRACT, STRICT LIABILITY, OR TORT (INCLUDING NEGLIGENCE OR
         OTHERWISE) ARISING IN ANY WAY OUT OF THE USE OF THIS SOFTWARE,
         EVEN IF ADVISED OF THE POSSIBILITY OF SUCH DAMAGE.</p>
      <p>You acknowledge that this software is not designed, licensed or
         intended for use in the design, construction, operation or
         maintenance of any nuclear facility.</p>
    </text>
  </license>
</SPDXLicenseCollection>
