<?xml version="1.0" encoding="UTF-8"?>
<SPDXLicenseCollection xmlns="http://www.spdx.org/license">
   <license isOsiApproved="false" licenseId="BSD-4-Clause"
            name="BSD 4-Clause &#34;Original&#34; or &#34;Old&#34; License">
      <crossRefs>
         <crossRef>http://directory.fsf.org/wiki/License:BSD_4Clause</crossRef>
      </crossRefs>
      <notes>This license was rescinded by the author on 22 July 1999.</notes>
    <text>
      <copyrightText>
         <p>Copyright (c) &lt;year&gt; &lt;owner&gt;. All rights reserved. 
      </p>
      </copyrightText>

      <p>Redistribution and use in source and binary forms, with or without modification, are permitted provided
         that the following conditions are met:</p>
      <list>
        <item>
            <bullet>1.</bullet>
          Redistributions of source code must retain the above copyright notice, this list of conditions
             and the following disclaimer.
        </item>
        <item>
            <bullet>2.</bullet>
          Redistributions in binary form must reproduce the above copyright notice, this list of conditions
             and the following disclaimer in the documentation and/or other materials provided with the
             distribution.
        </item>
        <item>
            <bullet>3.</bullet>
          All advertising materials mentioning features or use of this software must display the following
             acknowledgement:
            <br/>This product includes software developed by
            <alt match=".+" name="organizationClause3">the organization</alt>.

        </item>
        <item>
            <bullet>4.</bullet>
          Neither the name of
            <alt match=".+" name="organizationClause4">the copyright holder</alt> nor the names of its
            contributors may be used to endorse or promote products derived from this software without
            specific prior written permission.

        </item>
      </list>
      <p>THIS SOFTWARE IS PROVIDED BY
        <alt match=".+" name="copyrightHolderAsIs">COPYRIGHT HOLDER</alt> "AS IS" AND ANY EXPRESS OR IMPLIED
        WARRANTIES, INCLUDING, BUT NOT LIMITED TO, THE IMPLIED WARRANTIES OF MERCHANTABILITY AND FITNESS FOR A
        PARTICULAR PURPOSE ARE DISCLAIMED. IN NO EVENT SHALL
        <alt match=".+" name="copyrightHolderLiability">COPYRIGHT HOLDER</alt> BE LIABLE FOR ANY DIRECT,
        INDIRECT, INCIDENTAL, SPECIAL, EXEMPLARY, OR CONSEQUENTIAL DAMAGES (INCLUDING, BUT NOT LIMITED TO,
        PROCUREMENT OF SUBSTITUTE GOODS OR SERVICES; LOSS OF USE, DATA, OR PROFITS; OR BUSINESS INTERRUPTION)
        HOWEVER CAUSED AND ON ANY THEORY OF LIABILITY, WHETHER IN CONTRACT, STRICT LIABILITY, OR TORT (INCLUDING
        NEGLIGENCE OR OTHERWISE) ARISING IN ANY WAY OUT OF THE USE OF THIS SOFTWARE, EVEN IF ADVISED OF THE
        POSSIBILITY OF SUCH DAMAGE.
      </p>
    </text>
  </license>
</SPDXLicenseCollection>
