<?xml version="1.0" encoding="UTF-8"?>
<SPDXLicenseCollection xmlns="http://www.spdx.org/license">
  <license licenseId="BSD-2-Clause-Patent"
    name="BSD-2-Clause Plus Patent License"
    isOsiApproved="true">
    <crossRefs>
      <crossRef>https://opensource.org/licenses/BSDplusPatent</crossRef>
    </crossRefs>
    <notes>
      <p>
        Note: This license is designed to provide: a) a simple
        permissive license; b) that is compatible with the
        GNU General Public License (GPL), version 2; and
        c) which also has an express patent grant included.
      </p>
    </notes>
    <text>
    <copyrightText>
      <p>
        Copyright (c) &lt;YEAR&gt; &lt;COPYRIGHT HOLDERS&gt;
      </p>
    </copyrightText>
    <p>
      Redistribution and use in source and binary
      forms, with or without modification, are permitted
      provided that the following conditions are met:
    </p>
    <list>
      <item>
        <bullet>1.</bullet>
        Redistributions of source code must retain the above copyright
        notice, this list of conditions and the following disclaimer.
      </item>
      <item>
        <bullet>2.</bullet>
        Redistributions in binary form must reproduce the above copyright
        notice, this list of conditions and the following disclaimer in the
        documentation and/or other materials provided with the distribution.
      </item>
    </list>
    <p>
      Subject to the terms and conditions of this license, each copyright
      holder and contributor hereby grants to those receiving rights under this
      license a perpetual, worldwide, non-exclusive, no-charge, royalty-free,
      irrevocable (except for failure to satisfy the conditions of this license)
      patent license to make, have made, use, offer to sell, sell, import,
      and otherwise transfer this software, where such license applies only to
      those patent claims, already acquired or hereafter acquired, licensable
      by such copyright holder or contributor that are necessarily infringed by:
    </p>
    <list>
      <item>
        <bullet>(a)</bullet>
        their Contribution(s) (the licensed copyrights of
        copyright holders and non-copyrightable additions
        of contributors, in source or binary form) alone; or
      </item>
      <item>
        <bullet>(b)</bullet>
        combination of their Contribution(s) with the work of authorship
        to which such Contribution(s) was added by such copyright
        holder or contributor, if, at the time the Contribution
        is added, such addition causes such combination to be
        necessarily infringed. The patent license shall not apply
        to any other combinations which include the Contribution.
      </item>
    </list>
    <p>
      Except as expressly stated above, no rights or licenses from any
      copyright holder or contributor is granted under this license,
      whether expressly, by implication, estoppel or otherwise.
    </p>
    <p>
      DISCLAIMER
    </p>
    <p>
      THIS SOFTWARE IS PROVIDED BY THE COPYRIGHT HOLDERS AND CONTRIBUTORS
      "AS IS" AND ANY EXPRESS OR IMPLIED WARRANTIES, INCLUDING, BUT NOT
      LIMITED TO, THE IMPLIED WARRANTIES OF MERCHANTABILITY AND FITNESS FOR
      A PARTICULAR PURPOSE ARE DISCLAIMED. IN NO EVENT SHALL THE COPYRIGHT
      HOLDERS OR CONTRIBUTORS BE LIABLE FOR ANY DIRECT, INDIRECT, INCIDENTAL,
      SPECIAL, EXEMPLARY, OR CONSEQUENTIAL DAMAGES (INCLUDING, BUT NOT
      LIMITED TO, PROCUREMENT OF SUBSTITUTE GOODS OR SERVICES; LOSS OF USE,
      DATA, OR PROFITS; OR BUSINESS INTERRUPTION) HOWEVER CAUSED AND ON ANY
      THEORY OF LIABILITY, WHETHER IN CONTRACT, STRICT LIABILITY, OR TORT
      (INCLUDING NEGLIGENCE OR OTHERWISE) ARISING IN ANY WAY OUT OF THE USE
      OF THIS SOFTWARE, EVEN IF ADVISED OF THE POSSIBILITY OF SUCH DAMAGE.
    </p>
    </text>
  </license>
</SPDXLicenseCollection>
