<?xml version="1.0" encoding="UTF-8"?>
<SPDXLicenseCollection xmlns="http://www.spdx.org/license">
   <license isOsiApproved="false" licenseId="BSD-3-Clause-Clear"
            name="BSD 3-Clause Clear License">
      <crossRefs>
         <crossRef>http://labs.metacarta.com/license-explanation.html#license</crossRef>
      </crossRefs>
      <notes>This is same as BSD-3-Clause but with explicit statement as to no patent rights granted in last
         paragraph.</notes>
    <text>
      <titleText>
         <p>The Clear BSD License</p>
      </titleText>
      <copyrightText>
         <p>Copyright (c) [xxxx]-[xxxx] [Owner Organization]
            <br/>All rights reserved. 
      </p>
      </copyrightText>

      <p>Redistribution and use in source and binary forms, with or without modification, are permitted (subject
         to the limitations in the disclaimer below) provided that the following conditions are met:</p>
      <list>
        <list>
            <item>
               <bullet>*</bullet>
            Redistributions of source code must retain the above copyright notice, this list of
               conditions and the following disclaimer.
          </item>
            <item>
               <bullet>*</bullet>
            Redistributions in binary form must reproduce the above copyright notice, this list of
               conditions and the following disclaimer in the documentation and/or other materials
               provided with the distribution.
          </item>
            <item>
               <bullet>*</bullet>
            Neither the name of
              <alt match=".+" name="organizationClause3">[Owner Organization]</alt> nor the names of its
              contributors may be used to endorse or promote products derived from this software without
              specific prior written permission.

          </item>
        </list>
      </list>
      <p>NO EXPRESS OR IMPLIED LICENSES TO ANY PARTY'S PATENT RIGHTS ARE GRANTED BY THIS LICENSE. THIS
         SOFTWARE IS PROVIDED BY
        <alt match=".+" name="copyrightHolderAsIs">THE COPYRIGHT HOLDERS AND CONTRIBUTORS</alt> "AS
        IS" AND ANY EXPRESS OR IMPLIED WARRANTIES, INCLUDING, BUT NOT LIMITED TO, THE IMPLIED WARRANTIES OF
        MERCHANTABILITY AND FITNESS FOR A PARTICULAR PURPOSE ARE DISCLAIMED. IN NO EVENT SHALL
        <alt match=".+" name="copyrightHolderLiability">THE COPYRIGHT HOLDER OR CONTRIBUTORS</alt> BE LIABLE FOR
        ANY DIRECT, INDIRECT, INCIDENTAL, SPECIAL, EXEMPLARY, OR CONSEQUENTIAL DAMAGES (INCLUDING, BUT NOT
        LIMITED TO, PROCUREMENT OF SUBSTITUTE GOODS OR SERVICES; LOSS OF USE, DATA, OR PROFITS; OR BUSINESS
        INTERRUPTION) HOWEVER CAUSED AND ON ANY THEORY OF LIABILITY, WHETHER IN CONTRACT, STRICT LIABILITY, OR
        TORT (INCLUDING NEGLIGENCE OR OTHERWISE) ARISING IN ANY WAY OUT OF THE USE OF THIS SOFTWARE, EVEN IF
        ADVISED OF THE POSSIBILITY OF SUCH DAMAGE.
      </p>
    </text>
  </license>
</SPDXLicenseCollection>
