<?xml version="1.0" encoding="UTF-8"?>
<SPDXLicenseCollection xmlns="http://www.spdx.org/license">
   <license isOsiApproved="false" licenseId="BSD-3-Clause-Open-MPI"
            name="BSD 3-Clause Open MPI variant" listVersionAdded="3.6">
      <crossRefs>
         <crossRef>https://www.open-mpi.org/community/license.php</crossRef>
         <crossRef>http://www.netlib.org/lapack/LICENSE.txt</crossRef>
      </crossRefs>
      <notes>
      This license is largely similar to BSD-3-Clause, but notably includes an additional paragraph between the three main clauses and the all-caps disclaimer text.
      </notes>
    <text>
        <p>Redistribution and use in source and binary forms, with or without
        modification, are permitted provided that the following conditions are
        met:</p>

        <list>
            <item><bullet>-</bullet> Redistributions of source code must retain the above copyright
            notice, this list of conditions and the following disclaimer.</item>

            <item><bullet>-</bullet> Redistributions in binary form must reproduce the above copyright
            notice, this list of conditions and the following disclaimer listed
            in this license in the documentation and/or other materials
            provided with the distribution.</item>
            
            <item><bullet>-</bullet> Neither the name of the copyright holders nor the names of its
            contributors may be used to endorse or promote products derived from
            this software without specific prior written permission.</item>
        </list>
        
        <p>The copyright holders provide no reassurances that the source code
        provided does not infringe any patent, copyright, or any other
        intellectual property rights of third parties.  The copyright holders
        disclaim any liability to any recipient for claims brought against
        recipient by any third party for infringement of that parties
        intellectual property rights.</p>

        <p>THIS SOFTWARE IS PROVIDED BY THE COPYRIGHT HOLDERS AND CONTRIBUTORS
        "AS IS" AND ANY EXPRESS OR IMPLIED WARRANTIES, INCLUDING, BUT NOT
        LIMITED TO, THE IMPLIED WARRANTIES OF MERCHANTABILITY AND FITNESS FOR
        A PARTICULAR PURPOSE ARE DISCLAIMED. IN NO EVENT SHALL THE COPYRIGHT
        OWNER OR CONTRIBUTORS BE LIABLE FOR ANY DIRECT, INDIRECT, INCIDENTAL,
        SPECIAL, EXEMPLARY, OR CONSEQUENTIAL DAMAGES (INCLUDING, BUT NOT
        LIMITED TO, PROCUREMENT OF SUBSTITUTE GOODS OR SERVICES; LOSS OF USE,
        DATA, OR PROFITS; OR BUSINESS INTERRUPTION) HOWEVER CAUSED AND ON ANY
        THEORY OF LIABILITY, WHETHER IN CONTRACT, STRICT LIABILITY, OR TORT
        (INCLUDING NEGLIGENCE OR OTHERWISE) ARISING IN ANY WAY OUT OF THE USE
        OF THIS SOFTWARE, EVEN IF ADVISED OF THE POSSIBILITY OF SUCH DAMAGE.</p>
    </text>
  </license>
</SPDXLicenseCollection>
