<?xml version="1.0" encoding="UTF-8"?>
<SPDXLicenseCollection xmlns="http://www.spdx.org/license">
   <license isOsiApproved="true" licenseId="CNRI-Python" name="CNRI Python License">
      <crossRefs>
         <crossRef>https://opensource.org/licenses/CNRI-Python</crossRef>
      </crossRefs>
      <notes>CNRI portion of the multi-part Python License (Python-2.0)</notes>
    <text>
      <titleText>
         <p>CNRI OPEN SOURCE LICENSE AGREEMENT</p>
      </titleText>
      <p>IMPORTANT: PLEASE READ THE FOLLOWING AGREEMENT CAREFULLY.</p>
      <p>BY CLICKING ON "ACCEPT" WHERE INDICATED BELOW, OR BY COPYING, INSTALLING OR OTHERWISE USING PYTHON 1.6,
         beta 1 SOFTWARE, YOU ARE DEEMED TO HAVE AGREED TO THE TERMS AND CONDITIONS OF THIS LICENSE
         AGREEMENT.</p>

      <list>
        <item>
            <bullet>1.</bullet>
          This LICENSE AGREEMENT is between the Corporation for National Research Initiatives, having an
             office at 1895 Preston White Drive, Reston, VA 20191 ("CNRI"), and the Individual or
             Organization ("Licensee") accessing and otherwise using Python 1.6, beta 1 software in source
             or binary form and its associated documentation, as released at the www.python.org Internet
             site on August 4, 2000 ("Python 1.6b1").
        </item>
        <item>
            <bullet>2.</bullet>
          Subject to the terms and conditions of this License Agreement, CNRI hereby grants Licensee a
             non-exclusive, royalty-free, world-wide license to reproduce, analyze, test, perform and/or
             display publicly, prepare derivative works, distribute, and otherwise use Python 1.6b1 alone
             or in any derivative version, provided, however, that CNRIs License Agreement is retained in
             Python 1.6b1, alone or in any derivative version prepared by Licensee.
          <p>Alternately, in lieu of CNRIs License Agreement, Licensee may substitute the following text
             (omitting the quotes): "Python 1.6, beta 1, is made available subject to the terms and
             conditions in CNRIs License Agreement. This Agreement may be located on the Internet using the
             following unique, persistent identifier (known as a handle): 1895.22/1011. This Agreement may
             also be obtained from a proxy server on the Internet using the
             URL:http://hdl.handle.net/1895.22/1011".</p>
        </item>
        <item>
            <bullet>3.</bullet>
          In the event Licensee prepares a derivative work that is based on or incorporates Python 1.6b1 or
             any part thereof, and wants to make the derivative work available to the public as provided
             herein, then Licensee hereby agrees to indicate in any such work the nature of the
             modifications made to Python 1.6b1.
        </item>
        <item>
            <bullet>4.</bullet>
          CNRI is making Python 1.6b1 available to Licensee on an "AS IS" basis. CNRI MAKES NO
             REPRESENTATIONS OR WARRANTIES, EXPRESS OR IMPLIED. BY WAY OF EXAMPLE, BUT NOT LIMITATION, CNRI
             MAKES NO AND DISCLAIMS ANY REPRESENTATION OR WARRANTY OF MERCHANTABILITY OR FITNESS FOR ANY
             PARTICULAR PURPOSE OR THAT THE USE OF PYTHON 1.6b1 WILL NOT INFRINGE ANY THIRD PARTY
             RIGHTS.
        </item>
        <item>
            <bullet>5.</bullet>
          CNRI SHALL NOT BE LIABLE TO LICENSEE OR ANY OTHER USERS OF THE SOFTWARE FOR ANY INCIDENTAL,
             SPECIAL, OR CONSEQUENTIAL DAMAGES OR LOSS AS A RESULT OF USING, MODIFYING OR DISTRIBUTING
             PYTHON 1.6b1, OR ANY DERIVATIVE THEREOF, EVEN IF ADVISED OF THE POSSIBILITY THEREOF.
        </item>
        <item>
            <bullet>6.</bullet>
          This License Agreement will automatically terminate upon a material breach of its terms and conditions.
        </item>
        <item>
            <bullet>7.</bullet>
          This License Agreement shall be governed by and interpreted in all respects by the law of the
             State of Virginia, excluding conflict of law provisions. Nothing in this License Agreement
             shall be deemed to create any relationship of agency, partnership, or joint venture between
             CNRI and Licensee. This License Agreement does not grant permission to use CNRI trademarks or
             trade name in a trademark sense to endorse or promote products or services of Licensee, or any
             third party.
        </item>
        <item>
            <bullet>8.</bullet>
          By clicking on the "ACCEPT" button where indicated, or by copying, installing or otherwise using
             Python 1.6b1, Licensee agrees to be bound by the terms and conditions of this License
             Agreement.
        </item>
      </list>

      <p>ACCEPT</p>
    </text>
  </license>
</SPDXLicenseCollection>
