<?xml version="1.0" encoding="UTF-8"?>
<SPDXLicenseCollection xmlns="http://www.spdx.org/license">
   <license isOsiApproved="false" licenseId="curl" name="curl License">
      <crossRefs>
         <crossRef>https://github.com/bagder/curl/blob/master/COPYING</crossRef>
      </crossRefs>
    <text>
      <titleText>
         <p>COPYRIGHT AND PERMISSION NOTICE</p>
      </titleText>
      <copyrightText>
         <p>Copyright (c) 1996 - 2015, Daniel Stenberg, &lt;daniel@haxx.se&gt;.
        <br/>All rights reserved.
      </p>
      </copyrightText>

      <p>Permission to use, copy, modify, and distribute this software for any purpose with or without fee is
         hereby granted, provided that the above copyright notice and this permission notice appear in all
         copies.</p>
      <p>THE SOFTWARE IS PROVIDED "AS IS", WITHOUT WARRANTY OF ANY KIND, EXPRESS OR IMPLIED, INCLUDING BUT NOT
         LIMITED TO THE WARRANTIES OF MERCHANTABILITY, FITNESS FOR A PARTICULAR PURPOSE AND NONINFRINGEMENT OF
         THIRD PARTY RIGHTS. IN NO EVENT SHALL THE AUTHORS OR COPYRIGHT HOLDERS BE LIABLE FOR ANY CLAIM,
         DAMAGES OR OTHER LIABILITY, WHETHER IN AN ACTION OF CONTRACT, TORT OR OTHERWISE, ARISING FROM, OUT OF
         OR IN CONNECTION WITH THE SOFTWARE OR THE USE OR OTHER DEALINGS IN THE SOFTWARE.</p>
      <p>Except as contained in this notice, the name of a copyright holder shall not be used in advertising or
         otherwise to promote the sale, use or other dealings in this Software without prior written
         authorization of the copyright holder.</p>
    </text>
  </license>
</SPDXLicenseCollection>
