<?xml version="1.0" encoding="UTF-8"?>
<SPDXLicenseCollection xmlns="http://www.spdx.org/license">
   <license isOsiApproved="true" licenseId="Entessa" name="Entessa Public License v1.0">
      <crossRefs>
         <crossRef>https://opensource.org/licenses/Entessa</crossRef>
      </crossRefs>
    <text>
      <titleText>
         <p>Entessa Public License Version. 1.0</p>
      </titleText>
      <copyrightText>
         <p>Copyright (c) 2003 Entessa, LLC. All rights reserved.</p>
      </copyrightText>

      <p>Redistribution and use in source and binary forms, with or without modification, are permitted provided that
       the following conditions are met:</p>
      <list>
         <item>
            <bullet>1.</bullet>
        Redistributions of source code must retain the above copyright notice, this list of conditions and
           the following disclaimer.
      </item>
         <item>
            <bullet>2.</bullet>
        Redistributions in binary form must reproduce the above copyright notice, this list of conditions and
           the following disclaimer in the documentation and/or other materials provided with the
           distribution.
      </item>
         <item>
            <bullet>3.</bullet>
        The end-user documentation included with the redistribution, if any, must include the following
           acknowledgment:
        <p>"This product includes open source software developed by openSEAL (http://www.openseal.org/)."</p>
            <p>Alternately, this acknowledgment may appear in the software itself, if and wherever such third-party
           acknowledgments normally appear.</p>
         </item>
         <item>
            <bullet>4.</bullet>
        The names "openSEAL" and "Entessa" must not be used to endorse or promote products derived from this
           software without prior written permission. For written permission, please contact
           epl@entessa.com.
      </item>
         <item>
            <bullet>5.</bullet>
        Products derived from this software may not be called "openSEAL", nor may "openSEAL" appear in their
           name, without prior written permission of Entessa.
      </item>
      </list>
      <p>THIS SOFTWARE IS PROVIDED ``AS IS'' AND ANY EXPRESSED OR IMPLIED WARRANTIES, INCLUDING, BUT NOT LIMITED TO,
       THE IMPLIED WARRANTIES OF MERCHANTABILITY AND FITNESS FOR A PARTICULAR PURPOSE ARE DISCLAIMED. IN NO EVENT
       SHALL ENTESSA, LLC, OPENSEAL OR ITS CONTRIBUTORS BE LIABLE FOR ANY DIRECT, INDIRECT, INCIDENTAL, SPECIAL,
       EXEMPLARY, OR CONSEQUENTIAL DAMAGES (INCLUDING, BUT NOT LIMITED TO, PROCUREMENT OF SUBSTITUTE GOODS OR
       SERVICES; LOSS OF USE, DATA, OR PROFITS; OR BUSINESS INTERRUPTION) HOWEVER CAUSED AND ON ANY THEORY OF
       LIABILITY, WHETHER IN CONTRACT, STRICT LIABILITY, OR TORT (INCLUDING NEGLIGENCE OR OTHERWISE) ARISING IN
       ANY WAY OUT OF THE USE OF THIS SOFTWARE, EVEN IF ADVISED OF THE POSSIBILITY OF SUCH DAMAGE.</p>
      <p>This software consists of voluntary contributions made by many individuals on behalf of openSEAL and was
       originally based on software contributed by Entessa, LLC, http://www.entessa.com. For more information on
       the openSEAL, please see &lt;http://www.openseal.org/&gt;.</p>
    </text>
   </license>
</SPDXLicenseCollection>
