<?xml version="1.0" encoding="UTF-8"?>
<SPDXLicenseCollection xmlns="http://www.spdx.org/license">
   <license isOsiApproved="true" licenseId="EUDatagrid" name="EU DataGrid Software License">
      <crossRefs>
         <crossRef>http://eu-datagrid.web.cern.ch/eu-datagrid/license.html</crossRef>
         <crossRef>https://opensource.org/licenses/EUDatagrid</crossRef>
      </crossRefs>
    <text>
      <titleText>
         <p>EU DataGrid Software License</p>
      </titleText>
      <copyrightText>
         <p>Copyright (c) 2001 EU DataGrid. All rights reserved.</p>
      </copyrightText>

      <p>This software includes voluntary contributions made to the EU DataGrid. For more information on the EU
         DataGrid, please see http://www.eu-datagrid.org/.</p>
      <p>Installation, use, reproduction, display, modification and redistribution of this software, with or
         without modification, in source and binary forms, are permitted. Any exercise of rights under this
         license by you or your sub-licensees is subject to the following conditions:</p>
      <list>
        <item>
            <bullet>1.</bullet>
          Redistributions of this software, with or without modification, must reproduce the above
             copyright notice and the above license statement as well as this list of conditions, in the
             software, the user documentation and any other materials provided with the software.
        </item>
        <item>
            <bullet>2.</bullet>
          The user documentation, if any, included with a redistribution, must include the following notice:
            <br/>"This product includes software developed by the EU DataGrid (http://www.eu-datagrid.org/)."

          <p>Alternatively, if that is where third-party acknowledgments normally appear, this acknowledgment
             must be reproduced in the software itself.</p>
        </item>
        <item>
            <bullet>3.</bullet>
          The names "EDG", "EDG Toolkit", "EU DataGrid" and "EU DataGrid Project" may not be used to
             endorse or promote software, or products derived therefrom, except with prior written
             permission by hep-project-grid-edg-license@cern.ch.
        </item>
        <item>
            <bullet>4.</bullet>
          You are under no obligation to provide anyone with any bug fixes, patches, upgrades or other
             modifications, enhancements or derivatives of the features, functionality or performance of
             this software that you may develop. However, if you publish or distribute your modifications,
             enhancements or derivative works without contemporaneously requiring users to enter into a
             separate written license agreement, then you are deemed to have granted participants in the EU
             DataGrid a worldwide, non-exclusive, royalty-free, perpetual license to install, use,
             reproduce, display, modify, redistribute and sub-license your modifications, enhancements or
             derivative works, whether in binary or source code form, under the license conditions stated
             in this list of conditions.
        </item>
        <item>
            <bullet>5.</bullet>
          DISCLAIMER
            <br/>THIS SOFTWARE IS PROVIDED BY THE EU DATAGRID AND CONTRIBUTORS "AS IS" AND ANY EXPRESS OR
                 IMPLIED WARRANTIES, INCLUDING, BUT NOT LIMITED TO, THE IMPLIED WARRANTIES OF
                 MERCHANTABILITY, OF SATISFACTORY QUALITY, AND FITNESS FOR A PARTICULAR PURPOSE OR USE
                 ARE DISCLAIMED. THE EU DATAGRID AND CONTRIBUTORS MAKE NO REPRESENTATION THAT THE
                 SOFTWARE, MODIFICATIONS, ENHANCEMENTS OR DERIVATIVE WORKS THEREOF, WILL NOT INFRINGE
                 ANY PATENT, COPYRIGHT, TRADE SECRET OR OTHER PROPRIETARY RIGHT.

        </item>
        <item>
            <bullet>6.</bullet>
          LIMITATION OF LIABILITY
        </item>
      </list>
      <p>THE EU DATAGRID AND CONTRIBUTORS SHALL HAVE NO LIABILITY TO LICENSEE OR OTHER PERSONS FOR DIRECT,
         INDIRECT, SPECIAL, INCIDENTAL, CONSEQUENTIAL, EXEMPLARY, OR PUNITIVE DAMAGES OF ANY CHARACTER
         INCLUDING, WITHOUT LIMITATION, PROCUREMENT OF SUBSTITUTE GOODS OR SERVICES, LOSS OF USE, DATA OR
         PROFITS, OR BUSINESS INTERRUPTION, HOWEVER CAUSED AND ON ANY THEORY OF CONTRACT, WARRANTY, TORT
         (INCLUDING NEGLIGENCE), PRODUCT LIABILITY OR OTHERWISE, ARISING IN ANY WAY OUT OF THE USE OF THIS
         SOFTWARE, EVEN IF ADVISED OF THE POSSIBILITY OF SUCH DAMAGES.</p>
    </text>
  </license>
</SPDXLicenseCollection>
