<?xml version="1.0" encoding="UTF-8"?>
<SPDXLicenseCollection xmlns="http://www.spdx.org/license">
   <license isOsiApproved="false" licenseId="GL2PS" name="GL2PS License">
      <crossRefs>
         <crossRef>http://www.geuz.org/gl2ps/COPYING.GL2PS</crossRef>
      </crossRefs>
    <text>
      <titleText>
         <p>GL2PS LICENSE Version 2, November 2003</p>
      </titleText>
      <copyrightText>
         <p>Copyright (C) 2003, Christophe Geuzaine</p>
      </copyrightText>

      <p>Permission to use, copy, and distribute this software and its documentation for any purpose with or
         without fee is hereby granted, provided that the copyright notice appear in all copies and that both
         that copyright notice and this permission notice appear in supporting documentation.</p>
      <p>Permission to modify and distribute modified versions of this software is granted, provided that:</p>
      <list>
        <item>
            <bullet>1)</bullet>
          the modifications are licensed under the same terms as this software;
        </item>
        <item>
            <bullet>2)</bullet>
          you make available the source code of any modifications that you distribute, either on the same
             media as you distribute any executable or other form of this software, or via a mechanism
             generally accepted in the software development community for the electronic transfer of
             data.
        </item>
      </list>
      <p>This software is provided "as is" without express or implied warranty.</p>
    </text>
  </license>
</SPDXLicenseCollection>
