<SPDXLicenseCollection xmlns="http://www.spdx.org/license">
    <license isOsiApproved="false" licenseId="GLWTPL" name="Good Luck With That Public License" listVersionAdded="3.10">
        <crossRefs>
            <crossRef>
https://github.com/me-shaon/GLWTPL/commit/da5f6bc734095efbacb442c0b31e33a65b9d6e85</crossRef>
        </crossRefs>
        <standardLicenseHeader />
        <notes />
        <text>
            <titleText>
                <p>GLWT(Good Luck With That) Public License</p>
            </titleText>
            <copyrightText>
                <p>Copyright (c) Everyone, except Author</p>
            </copyrightText>

            <p>Everyone is permitted to copy, distribute, modify, merge, sell, publish, sublicense or whatever they want with this software but at their OWN RISK.</p>
            <p>Preamble</p>
            <p>The author has absolutely no clue what the code in this project does. It might just work or not, there is no third option.</p>
            <p>GOOD LUCK WITH THAT PUBLIC LICENSE</p>
            <p>TERMS AND CONDITIONS FOR COPYING, DISTRIBUTION, AND MODIFICATION</p>
            <list>
                <item>
                    <bullet>0.</bullet> You just DO WHATEVER YOU WANT TO as long as you NEVER LEAVE A TRACE TO TRACK THE AUTHOR of the original product to blame for or hold responsible.
                </item>
            </list>
            <p>IN NO EVENT SHALL THE AUTHORS BE LIABLE FOR ANY CLAIM, DAMAGES OR OTHER LIABILITY, WHETHER IN AN ACTION OF CONTRACT, TORT OR OTHERWISE, ARISING FROM, OUT OF OR IN CONNECTION WITH THE SOFTWARE OR THE USE OR OTHER DEALINGS IN THE SOFTWARE.</p>
            <p>Good luck and Godspeed.</p>
        </text>
    </license>
</SPDXLicenseCollection>
