<?xml version="1.0" encoding="UTF-8"?>
<SPDXLicenseCollection xmlns="http://www.spdx.org/license">
   <license isDeprecated="true" deprecatedVersion="2.0rc2" licenseId="GPL-2.0-with-GCC-exception"
            name="GNU General Public License v2.0 w/GCC Runtime Library exception">
      <obsoletedBys>
         <obsoletedBy>GPL-2.0 WITH GCC-exception-2.0</obsoletedBy>
         <obsoletedBy expression="GPL-2.0-with-GCC-exception+">GPL-2.0-or-later WITH GCC-exception-2.0</obsoletedBy>
      </obsoletedBys>
      <crossRefs>
         <crossRef>https://gcc.gnu.org/git/?p=gcc.git;a=blob;f=gcc/libgcc1.c;h=762f5143fc6eed57b6797c82710f3538aa52b40b;hb=cb143a3ce4fb417c68f5fa2691a1b1b1053dfba9#l10</crossRef>
      </crossRefs>

    <text>
	     <p>insert GPL v2 license text here</p>
	     <p>GCC Linking Exception </p>
	     <p>In addition to the permissions in the GNU General Public License, the Free Software Foundation gives you unlimited permission to link the compiled version of this file into combinations with other programs, and to distribute those combinations without any restriction coming from the use of this file. (The General Public License restrictions do apply in other respects; for example, they cover modification of the file, and distribution when not linked into a combine executable.</p>
    </text>
  </license>
</SPDXLicenseCollection>
