<?xml version="1.0" encoding="UTF-8"?>
<SPDXLicenseCollection xmlns="http://www.spdx.org/license">
   <license isOsiApproved="false" licenseId="ICU" name="ICU License">
      <crossRefs>
         <crossRef>http://source.icu-project.org/repos/icu/icu/trunk/license.html</crossRef>
      </crossRefs>
    <text>
      <titleText>
         <p>ICU License - ICU 1.8.1 and later</p>
         <p>COPYRIGHT AND PERMISSION NOTICE</p>
      </titleText>
      <copyrightText>
         <p>Copyright (c) 1995-2014 International Business Machines Corporation and others
        <br/>All rights reserved.
      </p>
      </copyrightText>

      <p>Permission is hereby granted, free of charge, to any person obtaining a copy of this software and
         associated documentation files (the "Software"), to deal in the Software without restriction,
         including without limitation the rights to use, copy, modify, merge, publish, distribute, and/or sell
         copies of the Software, and to permit persons to whom the Software is furnished to do so, provided
         that the above copyright notice(s) and this permission notice appear in all copies of the Software and
         that both the above copyright notice(s) and this permission notice appear in supporting
         documentation.</p>
      <p>THE SOFTWARE IS PROVIDED "AS IS", WITHOUT WARRANTY OF ANY KIND, EXPRESS OR IMPLIED, INCLUDING BUT NOT
         LIMITED TO THE WARRANTIES OF MERCHANTABILITY, FITNESS FOR A PARTICULAR PURPOSE AND NONINFRINGEMENT OF
         THIRD PARTY RIGHTS. IN NO EVENT SHALL THE COPYRIGHT HOLDER OR HOLDERS INCLUDED IN THIS NOTICE BE
         LIABLE FOR ANY CLAIM, OR ANY SPECIAL INDIRECT OR CONSEQUENTIAL DAMAGES, OR ANY DAMAGES WHATSOEVER
         RESULTING FROM LOSS OF USE, DATA OR PROFITS, WHETHER IN AN ACTION OF CONTRACT, NEGLIGENCE OR OTHER
         TORTIOUS ACTION, ARISING OUT OF OR IN CONNECTION WITH THE USE OR PERFORMANCE OF THIS SOFTWARE.</p>
      <p>Except as contained in this notice, the name of a copyright holder shall not be used in advertising or
         otherwise to promote the sale, use or other dealings in this Software without prior written
         authorization of the copyright holder.</p>
    </text>
  </license>
</SPDXLicenseCollection>
