<?xml version="1.0" encoding="UTF-8"?>
<SPDXLicenseCollection xmlns="http://www.spdx.org/license">
   <license isOsiApproved="true" licenseId="Intel" name="Intel Open Source License">
      <crossRefs>
         <crossRef>https://opensource.org/licenses/Intel</crossRef>
      </crossRefs>
      <notes>This license has been deprecated. A note at the top of the OSI license page states, "The Intel Open
         Source License for CDSA/CSSM Implementation (BSD License with Export Notice) (Intel has ceased to use
         or recommend this license)"</notes>
    <text>
      <titleText>
         <p>Intel Open Source License</p>
      </titleText>
      <copyrightText>
         <p>Copyright (c) 1996-2000 Intel Corporation
           <br/>All rights reserved.</p>
      </copyrightText>

      <p>Redistribution and use in source and binary forms, with or without modification, are permitted provided
         that the following conditions are met:</p>
      <list>
        <item>
            <bullet>•</bullet>
          Redistributions of source code must retain the above copyright notice, this list of
             conditions and the following disclaimer.
        </item>
        <item>
            <bullet>•</bullet>
          Redistributions in binary form must reproduce the above copyright notice, this list of
             conditions and the following disclaimer in the documentation and/or other materials
             provided with the distribution.
        </item>
        <item>
            <bullet>•</bullet>
          Neither the name of the Intel Corporation nor the names of its contributors may be used to
             endorse or promote products derived from this software without specific prior written
             permission.
        </item>
      </list>
      <p>THIS SOFTWARE IS PROVIDED BY THE COPYRIGHT HOLDERS AND CONTRIBUTORS "AS IS" AND ANY EXPRESS OR
         IMPLIED WARRANTIES, INCLUDING, BUT NOT LIMITED TO, THE IMPLIED WARRANTIES OF MERCHANTABILITY AND
         FITNESS FOR A PARTICULAR PURPOSE ARE DISCLAIMED. IN NO EVENT SHALL THE INTEL OR CONTRIBUTORS BE LIABLE
         FOR ANY DIRECT, INDIRECT, INCIDENTAL, SPECIAL, EXEMPLARY, OR CONSEQUENTIAL DAMAGES (INCLUDING, BUT NOT
         LIMITED TO, PROCUREMENT OF SUBSTITUTE GOODS OR SERVICES; LOSS OF USE, DATA, OR PROFITS; OR BUSINESS
         INTERRUPTION) HOWEVER CAUSED AND ON ANY THEORY OF LIABILITY, WHETHER IN CONTRACT, STRICT LIABILITY, OR
         TORT (INCLUDING NEGLIGENCE OR OTHERWISE) ARISING IN ANY WAY OUT OF THE USE OF THIS SOFTWARE, EVEN IF
         ADVISED OF THE POSSIBILITY OF SUCH DAMAGE.</p>
      <p>EXPORT LAWS: THIS LICENSE ADDS NO RESTRICTIONS TO THE EXPORT LAWS OF YOUR JURISDICTION. It is
         licensee's responsibility to comply with any export regulations applicable in licensee's
         jurisdiction. Under CURRENT (May 2000) U.S. export regulations this software is eligible for export
         from the U.S. and can be downloaded by or otherwise exported or reexported worldwide EXCEPT to U.S.
         embargoed destinations which include Cuba, Iraq, Libya, North Korea, Iran, Syria, Sudan, Afghanistan
         and any other country to which the U.S. has embargoed goods and services.</p>
    </text>
  </license>
</SPDXLicenseCollection>
