<?xml version="1.0" encoding="UTF-8"?>
<SPDXLicenseCollection xmlns="http://www.spdx.org/license">
   <license isOsiApproved="true" licenseId="ISC" name="ISC License">
      <crossRefs>
         <crossRef>https://www.isc.org/downloads/software-support-policy/isc-license/</crossRef>
         <crossRef>https://opensource.org/licenses/ISC</crossRef>
      </crossRefs>
    <text>
      <titleText>
         <p><alt name="title" match="(The )?ISC License( \(ISC[L]?\))?:?">ISC License</alt></p>
      </titleText>
      <copyrightText>
         <p>Copyright (c) 2004-2010 by Internet Systems Consortium, Inc. ("ISC")
        <br/>Copyright (c) 1995-2003 by Internet Software Consortium
         </p>
      </copyrightText>

      <p>Permission to use, copy, modify, and<optional>/or</optional> distribute this software for any purpose with or without fee is
         hereby granted, provided that the above copyright notice and this permission notice appear in all
         copies.</p>
      <p>THE SOFTWARE IS PROVIDED "AS IS" AND <alt match=".+" name="copyrightHolder">ISC</alt> DISCLAIMS ALL
         WARRANTIES WITH REGARD TO THIS SOFTWARE INCLUDING ALL IMPLIED WARRANTIES OF MERCHANTABILITY AND
         FITNESS. IN NO EVENT SHALL <alt match=".+" name="copyrightHolderLiability">ISC</alt> BE LIABLE FOR ANY
         SPECIAL, DIRECT, INDIRECT, OR CONSEQUENTIAL DAMAGES OR ANY DAMAGES WHATSOEVER RESULTING FROM LOSS OF
         USE, DATA OR PROFITS, WHETHER IN AN ACTION OF CONTRACT, NEGLIGENCE OR OTHER TORTIOUS ACTION, ARISING
         OUT OF OR IN CONNECTION WITH THE USE OR PERFORMANCE OF THIS SOFTWARE.</p>
    </text>
  </license>
</SPDXLicenseCollection>
