<?xml version="1.0" encoding="UTF-8"?>
<SPDXLicenseCollection xmlns="http://www.spdx.org/license">
   <license isOsiApproved="false" licenseId="Leptonica" name="Leptonica License">
      <crossRefs>
         <crossRef>https://fedoraproject.org/wiki/Licensing/Leptonica</crossRef>
      </crossRefs>
      <notes>This is an older license for Leptonica. Currently, it uses BSD-2-Clause (see
         http://www.leptonica.com/about-the-license.html)</notes>
    <text>
      <copyrightText>
         <p>Copyright (C) 2001 Leptonica. All rights reserved.</p>
      </copyrightText>

      <p>This software is distributed in the hope that it will be useful, but with NO WARRANTY OF ANY KIND.</p>
      <p>No author or distributor accepts responsibility to anyone for the consequences of using this software, or
         for whether it serves any particular purpose or works at all, unless he or she says so in writing.
         Everyone is granted permission to copy, modify and redistribute this source code, for commercial or
         non-commercial purposes, with the following restrictions:</p>
      <list>
        <item>
            <bullet>(1)</bullet>
          the origin of this source code must not be misrepresented;
        </item>
        <item>
            <bullet>(2)</bullet>
          modified versions must be plainly marked as such; and
        </item>
        <item>
            <bullet>(3)</bullet>
          this notice may not be removed or altered from any source or modified source distribution.
        </item>
      </list>
    </text>
  </license>
</SPDXLicenseCollection>
