<?xml version="1.0" encoding="UTF-8"?>
<SPDXLicenseCollection xmlns="http://www.spdx.org/license">
   <license isOsiApproved="false" licenseId="libpng-2.0"
     name="PNG Reference Library version 2" listVersionAdded="3.5">
      <crossRefs>
         <crossRef>http://www.libpng.org/pub/png/src/libpng-LICENSE.txt
         </crossRef>
      </crossRefs>
    <text>
      <titleText><p>PNG Reference Library License version 2</p></titleText>
      <optional><alt match="^[-]*$"
        name="dashed-line">---------------------------------------</alt>
      </optional>
      <copyrightText>
        <list>
          <item><bullet>*</bullet> Copyright (c) 1995-2018 The PNG Reference
          Library Authors.</item>
          <item><bullet>*</bullet> Copyright (c) 2018 Cosmin Truta.</item>
          <item><bullet>*</bullet> Copyright (c) 2000-2002, 2004, 2006-2018
          Glenn Randers-Pehrson.</item>
          <item><bullet>*</bullet> Copyright (c) 1996-1997 Andreas Dilger.
            </item>
          <item><bullet>*</bullet> Copyright (c) 1995-1996 Guy Eric Schalnat,
          Group 42, Inc.</item>
        </list>
      </copyrightText>
      <p>The software is supplied "as is", without warranty of any kind,
      express or implied, including, without limitation, the warranties
      of merchantability, fitness for a particular purpose, title, and
      non-infringement.  In no even shall the Copyright owners, or
      anyone distributing the software, be liable for any damages or
      other liability, whether in contract, tort or otherwise, arising
      from, out of, or in connection with the software, or the use or
      other dealings in the software, even if advised of the possibility
      of such damage.</p>

      <p>Permission is hereby granted to use, copy, modify, and distribute
      this software, or portions hereof, for any purpose, without fee,
      subject to the following restrictions:
        <list>
          <item><bullet>1.</bullet> The origin of this software must not be
          misrepresented; you must not claim that you wrote the original
          software. If you use this software in a product, an acknowledgment in
          the product documentation would be appreciated, but is not required.
          </item>

          <item><bullet>2.</bullet>Altered source versions must be plainly
          marked as such, and must not be misrepresented as being the original
          software.</item>

          <item><bullet>3.</bullet>This Copyright notice may not be removed or
          altered from any source or altered source distribution.</item>
        </list>
      </p>
    </text>
  </license>
</SPDXLicenseCollection>
