<?xml version="1.0" encoding="UTF-8"?>
<SPDXLicenseCollection xmlns="http://www.spdx.org/license">
   <license isOsiApproved="false" licenseId="libselinux-1.0" name="libselinux public domain notice" listVersionAdded="3.8">
    <crossRefs>
        <crossRef>https://github.com/SELinuxProject/selinux/blob/master/libselinux/LICENSE</crossRef>
    </crossRefs>
    <text>
        <p>This library (libselinux) is public domain software, i.e. not copyrighted.</p>

        <p>Warranty Exclusion</p>
        <optional><p>------------------</p></optional>
        <p>You agree that this software is a
        non-commercially developed program that may contain "bugs" (as that
        term is used in the industry) and that it may not function as intended.
        The software is licensed "as is". NSA makes no, and hereby expressly
        disclaims all, warranties, express, implied, statutory, or otherwise
        with respect to the software, including noninfringement and the implied
        warranties of merchantability and fitness for a particular purpose.</p>

        <p>Limitation of Liability</p>
        <optional><p>-----------------------</p></optional>
        <p>In no event will NSA be liable for any damages, including loss of data,
        lost profits, cost of cover, or other special, incidental,
        consequential, direct or indirect damages arising from the software or
        the use thereof, however caused and on any theory of liability. This
        limitation will apply even if NSA has been advised of the possibility
        of such damage. You acknowledge that this is a reasonable allocation of
        risk.</p>
    </text>
  </license>
</SPDXLicenseCollection>
