<?xml version="1.0" encoding="UTF-8"?>
<SPDXLicenseCollection xmlns="http://www.spdx.org/license">
   <license isOsiApproved="false" licenseId="MIT-feh" name="feh License">
      <crossRefs>
         <crossRef>https://fedoraproject.org/wiki/Licensing/MIT#feh</crossRef>
      </crossRefs>

    <text>
      <p>Permission is hereby granted, free of charge, to any person obtaining a copy of this software and
         associated documentation files (the "Software"), to deal in the Software without restriction,
         including without limitation the rights to use, copy, modify, merge, publish, distribute, sublicense,
         and/or sell copies of the Software, and to permit persons to whom the Software is furnished to do so,
         subject to the following conditions:</p>
      <p>The above copyright notice and this permission notice shall be included in all copies of the Software and
         its documentation and acknowledgment shall be given in the documentation and software packages that
         this Software was used.</p>
      <p>THE SOFTWARE IS PROVIDED "AS IS", WITHOUT WARRANTY OF ANY KIND, EXPRESS OR IMPLIED, INCLUDING BUT NOT
         LIMITED TO THE WARRANTIES OF MERCHANTABILITY, FITNESS FOR A PARTICULAR PURPOSE AND NONINFRINGEMENT. IN
         NO EVENT SHALL THE AUTHORS BE LIABLE FOR ANY CLAIM, DAMAGES OR OTHER LIABILITY, WHETHER IN AN ACTION
         OF CONTRACT, TORT OR OTHERWISE, ARISING FROM, OUT OF OR IN CONNECTION WITH THE SOFTWARE OR THE USE OR
         OTHER DEALINGS IN THE SOFTWARE.</p>
    </text>
  </license>
</SPDXLicenseCollection>
