<?xml version="1.0" encoding="UTF-8"?>
<SPDXLicenseCollection xmlns="http://www.spdx.org/license">
    <license licenseId="NCGL-UK-2.0" name="Non-Commercial Government Licence" listVersionAdded="3.9">
        <crossRefs>
            <crossRef>https://github.com/spdx/license-list-XML/blob/master/src/Apache-2.0.xml</crossRef>
        </crossRefs>
        <text>
            <titleText>Non-Commercial Government Licence
                <p>for public sector information</p>
            </titleText>
            <p>You are encouraged to use and re-use the Information that is available under this licence freely and flexibly, with only a few conditions.</p>
            <p>Using information under this licence</p>
            <p>Use of copyright and database right material expressly made available under this licence (the ‘Information’) indicates your acceptance of the terms and conditions below.</p>
            <p>The Licensor grants you a worldwide, royalty-free, perpetual, non-exclusive licence to use the Information for Non-Commercial purposes only subject to the conditions below.</p>
            <p>This licence does not affect your freedom under fair dealing or fair use or any other copyright or database right exceptions and limitations.</p>
            <p>You are free to:</p>
            <list>
                <item>copy, publish, distribute and transmit the Information;</item>
                <item>adapt the Information;</item>
                <item>exploit the Information for Non-Commercial purposes for example, by combining it with other information in your own product or application.</item>
            </list>
            <p>You are not permitted to:</p>
            <list>
                <item>exercise any of the rights granted to you by this licence in any manner that is primarily intended for or directed toward commercial advantage or private monetary compensation.</item>
            </list>
            <p>You must, where you do any of the above:</p>
            <list>
                <item>acknowledge the source of the Information by including any attribution statement specified by the Information Provider(s) and, where possible, provide a link to this licence;
                    <p>If the Information Provider does not provide a specific attribution statement, you must use the following:</p>
                    <p>Contains information licensed under the Non-Commercial Government Licence v2.0.</p>
                    <p>If you are using Information from several Information Providers and listing multiple attributions is not practical in your product or application, you may include a URI or hyperlink to a resource that contains the required attribution statements.</p>
                </item>
                <item>ensure that any onward licensing of the Information – for example when combined with other information – is for Non-Commercial purposes only.
                    <p>These are important conditions of this licence and if you fail to comply with them or use the Information other than for Non-Commercial purposes the rights granted to you under this licence, or any similar licence granted by the Licensor, will end automatically.</p>
                </item>
            </list>
            <p>Exemptions</p>
            <p>This licence does not cover the use of:</p>
            <list>
                <item><bullet>•</bullet>personal data in the Information;</item>
                <item><bullet>•</bullet>Information that has not been accessed by way of publication or disclosure under information access legislation (including the Freedom of Information Acts for the UK and Scotland) by or with the consent of the Information Provider;</item>
                <item><bullet>•</bullet>departmental or public sector organisation logos, crests, military insignia and the Royal Arms except where they form an integral part of a document or dataset;</item>
                <item><bullet>•</bullet>military insignia</item>
                <item><bullet>•</bullet>third party rights the Information Provider is not authorised to license;</item>
                <item><bullet>•</bullet>other intellectual property rights, including patents, trade marks, and design rights; and</item>
                <item><bullet>•</bullet>identity documents such as the British Passport.</item>
            </list>
            <p>Non-endorsement</p>
            <p>This licence does not grant you any right to use the Information in a way that suggests any official status or that the Information Provider and/or Licensor endorse you or your use of the Information.</p>
            <p>No warranty</p>
            <p>The Information is licensed ‘as is’ and the Information Provider excludes all representations, warranties, obligations and liabilities in relation to the Information to the maximum extent permitted by law.</p>
            <p>The Information Provider is not liable for any errors or omissions in the Information and shall not be liable for any loss, injury or damage of any kind caused by its use. The Information Provider does not guarantee the continued supply of the Information.</p>
            <p>Governing Law</p>
            <p>This licence is governed by the laws of the jurisdiction in which the Information Provider has its principal place of business, unless otherwise specified by the Information Provider.</p>
            <p>Definitions</p>
            <p>In this licence the terms below have the following meanings:</p>
            <p>‘Information’ means information protected by copyright or by database right (for example, literary and artistic works, content, data and source code) offered for use under the terms of this licence.</p>
            <p>‘Information Provider’
means the person or organisation providing the Information under this licence.</p>
            <p>‘Licensor’
means any Information Provider which has the authority to offer Information under the terms of this licence or the Keeper of the Public Records, who has the authority to offer Information subject to Crown copyright and Crown database rights and Information subject to copyright and database right that has been assigned to or acquired by the Crown, under the terms of this licence.</p>
            <p>‘Non-Commercial purposes’
means not intended for or directed toward commercial advantage or private monetary compensation. For the purposes of this licence, ‘private monetary compensation’ does not include the exchange of the Information for other copyrighted works by means of digital file-sharing or otherwise provided there is no payment of any monetary compensation in connection with the exchange of the Information.</p>
            <p>‘Use’
as a verb, means doing any act which is restricted by copyright or database right, whether in the original medium or in any other medium, and includes without limitation distributing, copying, adapting, modifying as may be technically necessary to use it in a different mode or format.</p>
            <p>‘You’
means the natural or legal person, or body of persons corporate or incorporate, acquiring rights under this licence.</p>
        </text>
    </license>
</SPDXLicenseCollection>
