<?xml version="1.0" encoding="UTF-8"?>
<SPDXLicenseCollection xmlns="http://www.spdx.org/license">
   <license isOsiApproved="true" licenseId="NCSA"
            name="University of Illinois/NCSA Open Source License">
      <crossRefs>
         <crossRef>http://otm.illinois.edu/uiuc_openSource</crossRef>
         <crossRef>https://opensource.org/licenses/NCSA</crossRef>
      </crossRefs>
    <text>
      <titleText>
         <p>University of Illinois/NCSA Open Source License</p>
      </titleText>
      <copyrightText>

         <p>Copyright (c) &lt;Year&gt; &lt;Owner Organization Name&gt;. All rights reserved. 
      </p>
      </copyrightText>

      <p>Developed by:
        <alt match=".+" name="organization">
		<br/>&lt;Name of Development Group&gt;
		<br/>&lt;Name of Institution&gt;
        <br/>&lt;URL for Development Group/Institution&gt;</alt>
      </p>


      <p>Permission is hereby granted, free of charge, to any person obtaining a copy of this software and
         associated documentation files (the "Software"), to deal with the Software without restriction,
         including without limitation the rights to use, copy, modify, merge, publish, distribute, sublicense,
         and/or sell copies of the Software, and to permit persons to whom the Software is furnished to do so,
         subject to the following conditions:</p>
      <list>
        <item>
            <bullet>*</bullet>
          Redistributions of source code must retain the above copyright notice, this list of conditions
             and the following disclaimers.
        </item>
        <item>
            <bullet>*</bullet>
          Redistributions in binary form must reproduce the above copyright notice, this list of conditions
             and the following disclaimers in the documentation and/or other materials provided with the
             distribution.
        </item>
        <item>
            <bullet>*</bullet>
          Neither the names of
            <alt match=".+" name="organizationClause3">&lt;Name of Development Group, Name of
            Institution&gt;</alt>, nor the names of its contributors may be used to endorse or promote
            products derived from this Software without specific prior written permission.

        </item>
      </list>
      <p>THE SOFTWARE IS PROVIDED "AS IS", WITHOUT WARRANTY OF ANY KIND, EXPRESS OR IMPLIED, INCLUDING BUT NOT
         LIMITED TO THE WARRANTIES OF MERCHANTABILITY, FITNESS FOR A PARTICULAR PURPOSE AND NONINFRINGEMENT. IN
         NO EVENT SHALL THE CONTRIBUTORS OR COPYRIGHT HOLDERS BE LIABLE FOR ANY CLAIM, DAMAGES OR OTHER
         LIABILITY, WHETHER IN AN ACTION OF CONTRACT, TORT OR OTHERWISE, ARISING FROM, OUT OF OR IN CONNECTION
         WITH THE SOFTWARE OR THE USE OR OTHER DEALINGS WITH THE SOFTWARE.</p>
    </text>
  </license>
</SPDXLicenseCollection>
