<?xml version="1.0" encoding="UTF-8"?>
<SPDXLicenseCollection xmlns="http://www.spdx.org/license">
   <license isOsiApproved="false" licenseId="Newsletr" name="Newsletr License">
      <crossRefs>
         <crossRef>https://fedoraproject.org/wiki/Licensing/Newsletr</crossRef>
      </crossRefs>
    <text>
      <copyrightText>
         <p>Copyright 1989--2004 by Hunter Goatley.</p>
      </copyrightText>

      <p>Permission is granted to anyone to use this software for any purpose on any computer system, and to
         redistribute it freely, subject to the following restrictions:</p>
      <list>
        <item>
            <bullet>1.</bullet>
          This software is distributed in the hope that it will be useful, but WITHOUT ANY WARRANTY;
             without even the implied warranty of MERCHANTABILITY or FITNESS FOR A PARTICULAR PURPOSE.
        </item>
        <item>
            <bullet>2.</bullet>
          Altered versions must be plainly marked as such, and must not be misrepresented as being the
             original software.
        </item>
      </list>
    </text>
  </license>
</SPDXLicenseCollection>
