<?xml version="1.0" encoding="UTF-8"?>
<SPDXLicenseCollection xmlns="http://www.spdx.org/license">
    <license isOsiApproved="false" licenseId="OGC-1.0" listVersionAdded="3.9"
             name="OGC Software License, Version 1.0">
        <crossRefs>
            <crossRef>https://www.ogc.org/ogc/software/1.0</crossRef>
        </crossRefs>

        <text>
            <titleText>
                OGC Software License, Version 1.0
            </titleText>

            <p>This OGC work (including software, documents, or other related items) is being provided by the copyright holders under the following license. By obtaining, using and/or copying this work, you (the licensee) agree that you have read, understood, and will comply with the following terms and conditions:</p>

            <p>Permission to use, copy, and modify this software and its documentation, with or without modification, for any purpose and without fee or royalty is hereby granted, provided that you include the following on ALL copies of the software and documentation or portions thereof, including modifications, that you make:</p>

            <list>
                <item><bullet>1.</bullet> The full text of this NOTICE in a location viewable to users of the redistributed or derivative work.</item>

                <item><bullet>2.</bullet> Any pre-existing intellectual property disclaimers, notices, or terms and conditions. If none exist, a short notice of the following form (hypertext is preferred, text is permitted) should be used within the body of any redistributed or derivative code: "Copyright © [$date-of-document] Open Geospatial Consortium, Inc. All Rights Reserved. http://www.<alt match="ogc|opengeospatial" name="url1">ogc</alt>.org/ogc/legal (Hypertext is preferred, but a textual representation is permitted.)</item>

                <item><bullet>3.</bullet> Notice of any changes or modifications to the OGC files, including the date changes were made. (We recommend you provide URIs to the location from which the code is derived.)</item>
            </list>

            <p>THIS SOFTWARE AND DOCUMENTATION IS PROVIDED "AS IS," AND COPYRIGHT HOLDERS MAKE NO REPRESENTATIONS OR WARRANTIES, EXPRESS OR IMPLIED, INCLUDING BUT NOT LIMITED TO, WARRANTIES OF MERCHANTABILITY OR FITNESS FOR ANY PARTICULAR PURPOSE OR THAT THE USE OF THE SOFTWARE OR DOCUMENTATION WILL NOT INFRINGE ANY THIRD PARTY PATENTS, COPYRIGHTS, TRADEMARKS OR OTHER RIGHTS.</p>

            <p>COPYRIGHT HOLDERS WILL NOT BE LIABLE FOR ANY DIRECT, INDIRECT, SPECIAL OR CONSEQUENTIAL DAMAGES ARISING OUT OF ANY USE OF THE SOFTWARE OR DOCUMENTATION.</p>

            <p>The name and trademarks of copyright holders may NOT be used in advertising or publicity pertaining to the software without specific, written prior permission. Title to copyright in this software and any associated documentation will at all times remain with copyright holders.</p>
        </text>
    </license>
</SPDXLicenseCollection>
