<?xml version="1.0" encoding="UTF-8"?>
<SPDXLicenseCollection xmlns="http://www.spdx.org/license">
    <license isOsiApproved="false" licenseId="OGL-UK-1.0" name="Open Government Licence v1.0" listVersionAdded="3.3">
        <crossRefs>
            <crossRef>http://www.nationalarchives.gov.uk/doc/open-government-licence/version/1/</crossRef>
        </crossRefs>
        <text>
            <titleText>Open Government Licence v1.0</titleText>
            <p>You are encouraged to use and re-use the Information that is available under this licence, the Open Government Licence, freely and flexibly, with only a few conditions.</p>
            <p>Using Information under this licence</p>
            <p>Use of copyright and database right material expressly made available under this licence (the 'Information') indicates your acceptance of the terms and conditions below.</p>
            <p>The Licensor grants you a worldwide, royalty-free, perpetual, non-exclusive licence to use the Information subject to the conditions below.</p>
            <p>This licence does not affect your freedom under fair dealing or fair use or any other copyright or database right exceptions and limitations.</p>
            <p>You are free to:</p>
            <list>
                <item>copy, publish, distribute and transmit the Information;</item>
                <item>adapt the Information;</item>
                <item>exploit the Information commercially for example, by combining it with other Information, or by including it in your own product or application.</item>
            </list>
            <p>You must, where you do any of the above:</p>
            <list>
                <item>acknowledge the source of the Information by including any attribution statement specified by the Information Provider(s) and, where possible, provide a link to this licence;
                    <p>  If the Information Provider does not provide a specific attribution statement, or if you are using Information from several Information Providers and multiple attributions are not practical in your product or application, you may consider using the following:
                        <br/>Contains public sector information licensed under the Open Government Licence v1.0.
                    </p>
                </item>
                <item>ensure that you do not use the Information in a way that suggests any official status or that the Information Provider endorses you or your use of the Information;</item>
                <item>ensure that you do not mislead others or misrepresent the Information or its source;</item>
                <item>ensure that your use of the Information does not breach the Data Protection Act 1998 or the Privacy and Electronic Communications (EC Directive) Regulations 2003.</item>
            </list>
            <p>These are important conditions of this licence and if you fail to comply with them the rights granted to you under this licence, or any similar licence granted by the Licensor, will end automatically.</p>
            <p>Exemptions</p>
            <p>This licence does not cover the use of:</p>
            <list>
                <item><bullet>-</bullet> personal data in the Information;</item>
                <item><bullet>-</bullet> Information that has neither been published nor disclosed under information access legislation (including the Freedom of Information Acts for the UK and Scotland) by or with the consent of the Information Provider;</item>
                <item><bullet>-</bullet> departmental or public sector organisation logos, crests and the Royal Arms except where they form an integral part of a document or dataset;</item>
                <item><bullet>-</bullet> military insignia;</item>
                <item><bullet>-</bullet> third party rights the Information Provider is not authorised to license;</item>
                <item><bullet>-</bullet> Information subject to other intellectual property rights, including patents, trademarks, and design rights; and</item>
                <item><bullet>-</bullet> identity documents such as the British Passport.</item>
            </list>
            <p>No warranty</p>
            <p>The Information is licensed 'as is' and the Information Provider excludes all representations, warranties, obligations and liabilities in relation to the Information to the maximum extent permitted by law.</p>
            <p>The Information Provider is not liable for any errors or omissions in the Information and shall not be liable for any loss, injury or damage of any kind caused by its use. The Information Provider does not guarantee the continued supply of the Information.</p>
            <p>Governing Law</p>
            <p>This licence is governed by the laws of the jurisdiction in which the Information Provider has its principal place of business, unless otherwise specified by the Information Provider.</p>
            <p>Definitions</p>
            <p>In this licence, the terms below have the following meanings:</p>
            <list>
                <item>'Information' means information protected by copyright or by database right (for example, literary and artistic works, content, data and source code) offered for use under the terms of this licence.</item>
                <item>'Information Provider' means the person or organisation providing the Information under this licence.</item>
                <item>'Licensor' means any Information Provider which has the authority to offer Information under the terms of this licence or the Controller of Her Majesty’s Stationery Office, who has the authority to offer Information subject to Crown copyright and Crown database rights and Information subject to copyright and database right that has been assigned to or acquired by the Crown, under the terms of this licence.</item>
                <item>'Use' as a verb, means doing any act which is restricted by copyright or database right, whether in the original medium or in any other medium, and includes without limitation distributing, copying, adapting, modifying as may be technically necessary to use it in a different mode or format.</item>
                <item>'You' means the natural or legal person, or body of persons corporate or incorporate, acquiring rights under this licence.</item>
            </list>
            <p>About the Open Government Licence</p>
            <p>The Controller of Her Majesty’s Stationery Office (HMSO) has developed this licence as a tool to enable Information Providers in the public sector to license the use and re-use of their Information under a common open licence. The Controller invites public sector bodies owning their own copyright and database rights to permit the use of their Information under this licence.</p>
            <p>The Controller of HMSO has authority to license Information subject to copyright and database right owned by the Crown. The extent of the Controller’s offer to license this Information under the terms of this licence is set out in the UK Government Licensing Framework.</p>
            <p>This is version 1.0 of the Open Government Licence. The Controller of HMSO may, from time to time, issue new versions of the Open Government Licence. However, you may continue to use Information licensed under this version should you wish to do so.</p>
            <p>These terms have been aligned to be interoperable with any Creative Commons Attribution Licence, which covers copyright, and Open Data Commons Attribution License, which covers database rights and applicable copyrights.</p>
            <p>Further context, best practice and guidance can be found in the UK Government Licensing Framework section on The National Archives website.</p>
        </text>
    </license>
</SPDXLicenseCollection>
