<?xml version="1.0" encoding="UTF-8"?>
<SPDXLicenseCollection xmlns="http://www.spdx.org/license">
   <license isOsiApproved="false" licenseId="OLDAP-2.4"
            name="Open LDAP Public License v2.4">
      <crossRefs>
         <crossRef>http://www.openldap.org/devel/gitweb.cgi?p=openldap.git;a=blob;f=LICENSE;hb=cd1284c4a91a8a380d904eee68d1583f989ed386</crossRef>
      </crossRefs>
      <notes>This license was released 8 December 2000.</notes>
    <text>
      <titleText>
         <p>The OpenLDAP Public License
        <br/>Version 2.4, 8 December 2000
      </p>
      </titleText>

      <p>Redistribution and use of this software and associated documentation ("Software"), with or without
         modification, are permitted provided that the following conditions are met:</p>
      <list>
        <item>
            <bullet>1.</bullet>
          Redistributions of source code must retain copyright statements and notices.
        </item>
        <item>
            <bullet>2.</bullet>
          Redistributions in binary form must reproduce applicable copyright statements and notices, this
             list of conditions, and the following disclaimer in the documentation and/or other materials
             provided with the distribution.
        </item>
        <item>
            <bullet>3.</bullet>
          Redistributions must contain a verbatim copy of this document.
        </item>
        <item>
            <bullet>4.</bullet>
          The names and trademarks of the authors and copyright holders must not be used in advertising or
             otherwise to promote the sale, use or other dealing in this Software without specific, written
             prior permission.
        </item>
        <item>
            <bullet>5.</bullet>
          Due credit should be given to the OpenLDAP Project.
        </item>
        <item>
            <bullet>6.</bullet>
          The OpenLDAP Foundation may revise this license from time to time. Each revision is distinguished
             by a version number. You may use the Software under terms of this license revision or under
             the terms of any subsequent revision of the license.
        </item>
      </list>
      <p>THIS SOFTWARE IS PROVIDED BY THE OPENLDAP FOUNDATION AND CONTRIBUTORS ``AS IS'' AND ANY EXPRESSED OR
         IMPLIED WARRANTIES, INCLUDING, BUT NOT LIMITED TO, THE IMPLIED WARRANTIES OF MERCHANTABILITY AND
         FITNESS FOR A PARTICULAR PURPOSE ARE DISCLAIMED. IN NO EVENT SHALL THE OPENLDAP FOUNDATION OR ITS
         CONTRIBUTORS BE LIABLE FOR ANY DIRECT, INDIRECT, INCIDENTAL, SPECIAL, EXEMPLARY, OR CONSEQUENTIAL
         DAMAGES (INCLUDING, BUT NOT LIMITED TO, PROCUREMENT OF SUBSTITUTE GOODS OR SERVICES; LOSS OF USE,
         DATA, OR PROFITS; OR BUSINESS INTERRUPTION) HOWEVER CAUSED AND ON ANY THEORY OF LIABILITY, WHETHER IN
         CONTRACT, STRICT LIABILITY, OR TORT (INCLUDING NEGLIGENCE OR OTHERWISE) ARISING IN ANY WAY OUT OF THE
         USE OF THIS SOFTWARE, EVEN IF ADVISED OF THE POSSIBILITY OF SUCH DAMAGE.</p>
      <p>OpenLDAP is a trademark of the OpenLDAP Foundation.</p>
      <p>
        <copyrightText>Copyright 1999-2000 The OpenLDAP Foundation, Redwood City, California, USA. All Rights Reserved.</copyrightText>
        Permission to copy and distributed verbatim copies of this document is granted.
      </p>
    </text>
  </license>
</SPDXLicenseCollection>
