<?xml version="1.0" encoding="UTF-8"?>
<SPDXLicenseCollection xmlns="http://www.spdx.org/license">
   <license isOsiApproved="true" licenseId="OLDAP-2.8"
            name="Open LDAP Public License v2.8">
      <crossRefs>
         <crossRef>http://www.openldap.org/software/release/license.html</crossRef>
      </crossRefs>
    <text>
      <titleText>
         <p>The OpenLDAP Public License
        <br/>Version 2.8, 17 August 2003
      </p>
      </titleText>

      <p>Redistribution and use of this software and associated documentation ("Software"), with or without
         modification, are permitted provided that the following conditions are met:</p>
      <list>
        <item>
            <bullet>1.</bullet>
          Redistributions in source form must retain copyright statements and notices,
        </item>
        <item>
            <bullet>2.</bullet>
          Redistributions in binary form must reproduce applicable copyright statements and notices, this
             list of conditions, and the following disclaimer in the documentation and/or other materials
             provided with the distribution, and
        </item>
        <item>
            <bullet>3.</bullet>
          Redistributions must contain a verbatim copy of this document.
        </item>
      </list>
      <p>The OpenLDAP Foundation may revise this license from time to time. Each revision is distinguished by a
         version number. You may use this Software under terms of this license revision or under the terms of
         any subsequent revision of the license.</p>
      <p>THIS SOFTWARE IS PROVIDED BY THE OPENLDAP FOUNDATION AND ITS CONTRIBUTORS ``AS IS'' AND ANY EXPRESSED OR
         IMPLIED WARRANTIES, INCLUDING, BUT NOT LIMITED TO, THE IMPLIED WARRANTIES OF MERCHANTABILITY AND
         FITNESS FOR A PARTICULAR PURPOSE ARE DISCLAIMED. IN NO EVENT SHALL THE OPENLDAP FOUNDATION, ITS
         CONTRIBUTORS, OR THE AUTHOR(S) OR OWNER(S) OF THE SOFTWARE BE LIABLE FOR ANY DIRECT, INDIRECT,
         INCIDENTAL, SPECIAL, EXEMPLARY, OR CONSEQUENTIAL DAMAGES (INCLUDING, BUT NOT LIMITED TO, PROCUREMENT
         OF SUBSTITUTE GOODS OR SERVICES; LOSS OF USE, DATA, OR PROFITS; OR BUSINESS INTERRUPTION) HOWEVER
         CAUSED AND ON ANY THEORY OF LIABILITY, WHETHER IN CONTRACT, STRICT LIABILITY, OR TORT (INCLUDING
         NEGLIGENCE OR OTHERWISE) ARISING IN ANY WAY OUT OF THE USE OF THIS SOFTWARE, EVEN IF ADVISED OF THE
         POSSIBILITY OF SUCH DAMAGE.</p>
      <p>The names of the authors and copyright holders must not be used in advertising or otherwise to promote
         the sale, use or other dealing in this Software without specific, written prior permission. Title to
         copyright in this Software shall at all times remain with copyright holders.</p>
      <p>OpenLDAP is a registered trademark of the OpenLDAP Foundation.</p>
      <p>
        <copyrightText>Copyright 1999-2003 The OpenLDAP Foundation, Redwood City, California, USA. All Rights Reserved.</copyrightText>
        Permission to copy and distribute verbatim copies of this document is granted.
      </p>
    </text>
  </license>
</SPDXLicenseCollection>
