<?xml version="1.0" encoding="UTF-8"?>
<SPDXLicenseCollection xmlns="http://www.spdx.org/license">
   <license isOsiApproved="false" licenseId="OLDAP-2.0"
            name="Open LDAP Public License v2.0 (or possibly 2.0A and 2.0B)">
      <crossRefs>
         <crossRef>http://www.openldap.org/devel/gitweb.cgi?p=openldap.git;a=blob;f=LICENSE;hb=cbf50f4e1185a21abd4c0a54d3f4341fe28f36ea</crossRef>
      </crossRefs>
      <notes>This license was released 7 June 1999.</notes>
    <text>
      <titleText>
         <p>The OpenLDAP Public License
        <br/>Version 2.0, 7 June 1999
      </p>
      </titleText>
      <copyrightText>
         <p>Copyright 1999, The OpenLDAP Foundation, Redwood City, California, USA. All Rights Reserved.</p>
      </copyrightText>

      <p>Redistribution and use of this software and associated documentation ("Software"), with or without
         modification, are permitted provided that the following conditions are met:</p>
      <list>
        <item>
            <bullet>1.</bullet>
          Redistributions of source code must retain copyright statements and notices. Redistributions must
             also contain a copy of this document.
        </item>
        <item>
            <bullet>2.</bullet>
          Redistributions in binary form must reproduce the above copyright notice, this list of conditions
             and the following disclaimer in the documentation and/or other materials provided with the
             distribution.
        </item>
        <item>
            <bullet>3.</bullet>
          The name "OpenLDAP" must not be used to endorse or promote products derived from this Software
             without prior written permission of the OpenLDAP Foundation. For written permission, please
             contact foundation@openldap.org.
        </item>
        <item>
            <bullet>4.</bullet>
          Products derived from this Software may not be called "OpenLDAP" nor may "OpenLDAP" appear in
             their names without prior written permission of the OpenLDAP Foundation. OpenLDAP is a
             registered trademark of the OpenLDAP Foundation.
        </item>
        <item>
            <bullet>5.</bullet>
          Due credit should be given to the OpenLDAP Project (http://www.openldap.org/).
        </item>
      </list>
      <p>THIS SOFTWARE IS PROVIDED BY THE OPENLDAP FOUNDATION AND CONTRIBUTORS ``AS IS'' AND ANY EXPRESSED OR
         IMPLIED WARRANTIES, INCLUDING, BUT NOT LIMITED TO, THE IMPLIED WARRANTIES OF MERCHANTABILITY AND
         FITNESS FOR A PARTICULAR PURPOSE ARE DISCLAIMED. IN NO EVENT SHALL THE OPENLDAP FOUNDATION OR ITS
         CONTRIBUTORS BE LIABLE FOR ANY DIRECT, INDIRECT, INCIDENTAL, SPECIAL, EXEMPLARY, OR CONSEQUENTIAL
         DAMAGES (INCLUDING, BUT NOT LIMITED TO, PROCUREMENT OF SUBSTITUTE GOODS OR SERVICES; LOSS OF USE,
         DATA, OR PROFITS; OR BUSINESS INTERRUPTION) HOWEVER CAUSED AND ON ANY THEORY OF LIABILITY, WHETHER IN
         CONTRACT, STRICT LIABILITY, OR TORT (INCLUDING NEGLIGENCE OR OTHERWISE) ARISING IN ANY WAY OUT OF THE
         USE OF THIS SOFTWARE, EVEN IF ADVISED OF THE POSSIBILITY OF SUCH DAMAGE.</p>
    </text>
  </license>
</SPDXLicenseCollection>
