<?xml version="1.0" encoding="UTF-8"?>
<SPDXLicenseCollection xmlns="http://www.spdx.org/license">
   <license isOsiApproved="false" licenseId="OML" name="Open Market License">
      <crossRefs>
         <crossRef>https://fedoraproject.org/wiki/Licensing/Open_Market_License</crossRef>
      </crossRefs>
    <text>
      <p>This FastCGI application library source and object code (the "Software") and its documentation (the
         "Documentation") are copyrighted by Open Market, Inc ("Open Market"). The following terms apply to all
         files associated with the Software and Documentation unless explicitly disclaimed in individual
         files.</p>
      <p>Open Market permits you to use, copy, modify, distribute, and license this Software and the Documentation
         for any purpose, provided that existing copyright notices are retained in all copies and that this
         notice is included verbatim in any distributions. No written agreement, license, or royalty fee is
         required for any of the authorized uses. Modifications to this Software and Documentation may be
         copyrighted by their authors and need not follow the licensing terms described here. If modifications
         to this Software and Documentation have new licensing terms, the new terms must be clearly indicated
         on the first page of each file where they apply.</p>
      <p>OPEN MARKET MAKES NO EXPRESS OR IMPLIED WARRANTY WITH RESPECT TO THE SOFTWARE OR THE DOCUMENTATION,
         INCLUDING WITHOUT LIMITATION ANY WARRANTY OF MERCHANTABILITY OR FITNESS FOR A PARTICULAR PURPOSE. IN
         NO EVENT SHALL OPEN MARKET BE LIABLE TO YOU OR ANY THIRD PARTY FOR ANY DAMAGES ARISING FROM OR
         RELATING TO THIS SOFTWARE OR THE DOCUMENTATION, INCLUDING, WITHOUT LIMITATION, ANY INDIRECT, SPECIAL
         OR CONSEQUENTIAL DAMAGES OR SIMILAR DAMAGES, INCLUDING LOST PROFITS OR LOST DATA, EVEN IF OPEN MARKET
         HAS BEEN ADVISED OF THE POSSIBILITY OF SUCH DAMAGES. THE SOFTWARE AND DOCUMENTATION ARE PROVIDED "AS
         IS". OPEN MARKET HAS NO LIABILITY IN CONTRACT, TORT, NEGLIGENCE OR OTHERWISE ARISING OUT OF THIS
         SOFTWARE OR THE DOCUMENTATION.</p>
    </text>
  </license>
</SPDXLicenseCollection>
