<?xml version="1.0" encoding="UTF-8"?>
<SPDXLicenseCollection xmlns="http://www.spdx.org/license">
   <license isOsiApproved="true" licenseId="PostgreSQL" name="PostgreSQL License">
      <crossRefs>
         <crossRef>http://www.postgresql.org/about/licence</crossRef>
         <crossRef>https://opensource.org/licenses/PostgreSQL</crossRef>
      </crossRefs>
    <text>
      <titleText>
         <p>PostgreSQL Database Management System
        <br/>(formerly known as Postgres, then as Postgres95)
      </p>
      </titleText>
      <copyrightText>
         <p>Portions Copyright (c) 1996-2010, The PostgreSQL Global Development Group</p>
         <p>Portions Copyright (c) 1994, The Regents of the University of California</p>
      </copyrightText>

      <p>Permission to use, copy, modify, and distribute this software and its documentation for any purpose,
         without fee, and without a written agreement is hereby granted, provided that the above copyright
         notice and this paragraph and the following two paragraphs appear in all copies.</p>
      <p>IN NO EVENT SHALL <alt match=".+" name="copyrightHolderLiability">THE UNIVERSITY OF CALIFORNIA</alt> BE LIABLE TO ANY PARTY FOR DIRECT, INDIRECT, SPECIAL,
         INCIDENTAL, OR CONSEQUENTIAL DAMAGES, INCLUDING LOST PROFITS, ARISING OUT OF THE USE OF THIS SOFTWARE
         AND ITS DOCUMENTATION, EVEN IF <alt match=".+" name="copyrightHolderAdvised">THE UNIVERSITY OF CALIFORNIA</alt> HAS BEEN ADVISED OF THE POSSIBILITY OF
         SUCH DAMAGE.</p>
      <p><alt match=".+" name="copyrightHolderDisclaims">THE UNIVERSITY OF CALIFORNIA</alt> SPECIFICALLY DISCLAIMS ANY WARRANTIES, INCLUDING, BUT NOT LIMITED TO, THE
         IMPLIED WARRANTIES OF MERCHANTABILITY AND FITNESS FOR A PARTICULAR PURPOSE. THE SOFTWARE PROVIDED
         HEREUNDER IS ON AN "AS IS" BASIS, AND <alt match=".+" name="copyrightHolderAsIs">THE UNIVERSITY OF CALIFORNIA</alt> HAS NO OBLIGATIONS TO PROVIDE
         MAINTENANCE, SUPPORT, UPDATES, ENHANCEMENTS, OR MODIFICATIONS.</p>
    </text>
  </license>
</SPDXLicenseCollection>
