<?xml version="1.0" encoding="UTF-8"?>
<SPDXLicenseCollection xmlns="http://www.spdx.org/license">
  <license licenseId="PSF-2.0" name="Python Software Foundation License 2.0" listVersionAdded="3.8">
    <crossRefs>
      <crossRef>https://opensource.org/licenses/Python-2.0</crossRef>
    </crossRefs>
    <notes>
      This is the PSF-2.0 license, which is part of the complete Python license text, but also used
      independently by some projects.
    </notes>
    <text>
      <titleText>
        <p>PYTHON SOFTWARE FOUNDATION LICENSE VERSION 2</p>
      </titleText>
      <list>
        <item>
          <bullet>1.</bullet>
          This LICENSE AGREEMENT is between the Python Software Foundation ("PSF"), and the
          Individual or Organization ("Licensee") accessing and otherwise using this software
          ("Python") in source or binary form and its associated documentation.
        </item>
        <item>
          <bullet>2.</bullet>
          Subject to the terms and conditions of this License Agreement, PSF hereby grants Licensee
          a nonexclusive, royalty-free, world-wide license to reproduce, analyze, test, perform
          and/or display publicly, prepare derivative works, distribute, and otherwise use Python
          alone or in any derivative version, provided, however, that PSF's License Agreement and
          PSF's notice of copyright, i.e., "Copyright (c)
          <alt match="([0-9]{4},\s)*[0-9]{4}" name="exampleCopyrightYears">
            2001, 2002, 2003, 2004, 2005, 2006
          </alt>
          Python Software Foundation; All Rights Reserved" are retained in Python alone or in any
          derivative version prepared by Licensee.
        </item>
        <item>
          <bullet>3.</bullet>
          In the event Licensee prepares a derivative work that is based on or incorporates Python
          or any part thereof, and wants to make the derivative work available to others as provided
          herein, then Licensee hereby agrees to include in any such work a brief summary of the
          changes made to Python.
        </item>
        <item>
          <bullet>4.</bullet>
          PSF is making Python available to Licensee on an "AS IS" basis. PSF MAKES NO
          REPRESENTATIONS OR WARRANTIES, EXPRESS OR IMPLIED. BY WAY OF EXAMPLE, BUT NOT LIMITATION,
          PSF MAKES NO AND DISCLAIMS ANY REPRESENTATION OR WARRANTY OF MERCHANTABILITY OR FITNESS
          FOR ANY PARTICULAR PURPOSE OR THAT THE USE OF PYTHON WILL NOT INFRINGE ANY THIRD PARTY
          RIGHTS.
        </item>
        <item>
          <bullet>5.</bullet>
          PSF SHALL NOT BE LIABLE TO LICENSEE OR ANY OTHER USERS OF PYTHON FOR ANY INCIDENTAL,
          SPECIAL, OR CONSEQUENTIAL DAMAGES OR LOSS AS A RESULT OF MODIFYING, DISTRIBUTING, OR
          OTHERWISE USING PYTHON, OR ANY DERIVATIVE THEREOF, EVEN IF ADVISED OF THE POSSIBILITY
          THEREOF.
        </item>
        <item>
          <bullet>6.</bullet>
          This License Agreement will automatically terminate upon a material breach of its terms
          and conditions.
        </item>
        <item>
          <bullet>7.</bullet>
          Nothing in this License Agreement shall be deemed to create any relationship of agency,
          partnership, or joint venture between PSF and Licensee. This License Agreement does not
          grant permission to use PSF trademarks or trade name in a trademark sense to endorse or
          promote products or services of Licensee, or any third party.
        </item>
        <item>
          <bullet>8.</bullet>
          By copying, installing or otherwise using Python, Licensee agrees to be bound by the terms
          and conditions of this License Agreement.
        </item>
      </list>
    </text>
  </license>
</SPDXLicenseCollection>
