<?xml version="1.0" encoding="UTF-8"?>
<SPDXLicenseCollection xmlns="http://www.spdx.org/license">
   <license isOsiApproved="false" licenseId="psutils" name="psutils License">
      <crossRefs>
         <crossRef>https://fedoraproject.org/wiki/Licensing/psutils</crossRef>
      </crossRefs>
    <text>
      <titleText>
         <p>PS Utilities Package</p>
      </titleText>
      <copyrightText>
         <p>The constituent files of this package listed below are copyright (C) 1991-1995 Angus J. C. Duggan.</p>
         <p>LICENSE Makefile.msc Makefile.nt Makefile.os2
        <br/>Makefile.unix README config.h descrip.mms
        <br/>epsffit.c epsffit.man extractres.man extractres.pl
        <br/>fixdlsrps.man fixdlsrps.pl fixfmps.man fixfmps.pl
        <br/>fixmacps.man fixmacps.pl fixpsditps.man fixpsditps.pl
        <br/>fixpspps.man fixpspps.pl fixscribeps.man fixscribeps.pl
        <br/>fixtpps.man fixtpps.pl fixwfwps.man fixwfwps.pl
        <br/>fixwpps.man fixwpps.pl fixwwps.man fixwwps.pl
        <br/>getafm getafm.man includeres.man includeres.pl
        <br/>maketext patchlev.h psbook.c psbook.man
        <br/>pserror.c pserror.h psmerge.man psmerge.pl
        <br/>psnup.c psnup.man psresize.c psresize.man
        <br/>psselect.c psselect.man psspec.c psspec.h
        <br/>pstops.c pstops.man psutil.c psutil.h
        <br/>showchar
      </p>
      </copyrightText>

      <p>They may be copied and used for any purpose (including distribution as part of a for-profit product),
         provided:</p>
      <list>
        <item>
            <bullet>1)</bullet>
          The original attribution of the programs is clearly displayed in the product and/or
             documentation, even if the programs are modified and/or renamed as part of the product.
        </item>
        <item>
            <bullet>2)</bullet>
          The original source code of the programs is provided free of charge (except for reasonable
             distribution costs). For a definition of reasonable distribution costs, see the Gnu General
             Public License or Larry Wall's Artistic License (provided with the Perl 4 kit). The GPL and
             Artistic License in NO WAY affect this license; they are merely used as examples of the spirit
             in which it is intended.
        </item>
        <item>
            <bullet>3)</bullet>
          These programs are provided "as-is". No warranty or guarantee of their fitness for any particular
             task is provided. Use of these programs is completely at your own risk.
        </item>
      </list>
      <p>Basically, I don't mind how you use the programs so long as you acknowledge the author, and give people
         the originals if they want them.</p>
    </text>
  </license>
</SPDXLicenseCollection>
