<?xml version="1.0" encoding="UTF-8"?>
<SPDXLicenseCollection xmlns="http://www.spdx.org/license">
   <license isOsiApproved="false" licenseId="Qhull" name="Qhull License">
      <crossRefs>
         <crossRef>https://fedoraproject.org/wiki/Licensing/Qhull</crossRef>
      </crossRefs>
    <text>
      <copyrightText>
         <p>Qhull, Copyright (c) 1993-2003</p>
         <p>The National Science and Technology Research Center for Computation and Visualization of Geometric
         Structures (The Geometry Center) University of Minnesota</p>
      </copyrightText>
      <p>email: qhull@qhull.org</p>
      <p>This software includes Qhull from The Geometry Center. Qhull is copyrighted as noted above. Qhull is free
         software and may be obtained via http from www.qhull.org. It may be freely copied, modified, and
         redistributed under the following conditions:</p>
      <list>
        <item>
            <bullet>1.</bullet>
          All copyright notices must remain intact in all files.
        </item>
        <item>
            <bullet>2.</bullet>
          A copy of this text file must be distributed along with any copies of Qhull that you
             redistribute; this includes copies that you have modified, or copies of programs or other
             software products that include Qhull.
        </item>
        <item>
            <bullet>3.</bullet>
          If you modify Qhull, you must include a notice giving the name of the person performing the
             modification, the date of modification, and the reason for such modification.
        </item>
        <item>
            <bullet>4.</bullet>
          When distributing modified versions of Qhull, or other software products that include Qhull, you
             must provide notice that the original source code may be obtained as noted above.
        </item>
        <item>
            <bullet>5.</bullet>
          There is no warranty or other guarantee of fitness for Qhull, it is provided solely "as is". Bug
             reports or fixes may be sent to qhull_bug@qhull.org; the authors may or may not act on them as
             they desire.
        </item>
      </list>
    </text>
  </license>
</SPDXLicenseCollection>
