<?xml version="1.0" encoding="UTF-8"?>
<SPDXLicenseCollection xmlns="http://www.spdx.org/license">
   <license isOsiApproved="true" licenseId="QPL-1.0" name="Q Public License 1.0">
      <crossRefs>
         <crossRef>http://doc.qt.nokia.com/3.3/license.html</crossRef>
         <crossRef>https://opensource.org/licenses/QPL-1.0</crossRef>
      </crossRefs>
    <text>
      <titleText>
         <p>THE Q PUBLIC LICENSE version 1.0</p>
      </titleText>
      <copyrightText>
         <p>Copyright (C) 1999-2005 Trolltech AS, Norway.</p>
      </copyrightText>

      <p>Everyone is permitted to copy and distribute this license document.</p>
      <p>The intent of this license is to establish freedom to share and change the software regulated by this
         license under the open source model.</p>
      <p>This license applies to any software containing a notice placed by the copyright holder saying that it
         may be distributed under the terms of the Q Public License version 1.0. Such software is herein
         referred to as the Software. This license covers modification and distribution of the Software, use of
         third-party application programs based on the Software, and development of free software which uses
         the Software.</p>
      <p>Granted Rights</p>
      <list>
        <item>
            <bullet>1.</bullet>
          You are granted the non-exclusive rights set forth in this license provided you agree to and
             comply with any and all conditions in this license. Whole or partial distribution of the
             Software, or software items that link with the Software, in any form signifies acceptance of
             this license.
        </item>
        <item>
            <bullet>2.</bullet>
          You may copy and distribute the Software in unmodified form provided that the entire package,
             including - but not restricted to - copyright, trademark notices and disclaimers, as released
             by the initial developer of the Software, is distributed.
        </item>
        <item>
            <bullet>3.</bullet>
          You may make modifications to the Software and distribute your modifications, in a form that is
             separate from the Software, such as patches. The following restrictions apply to
             modifications:
            <list>
              <item>
                  <bullet>a.</bullet>
                Modifications must not alter or remove any copyright notices in the Software.
              </item>
              <item>
                  <bullet>b.</bullet>
                When modifications to the Software are released under this license, a non-exclusive royalty-free
                  right is granted to the initial developer of the Software to distribute your modification in
                  future versions of the Software provided such versions remain available under these terms in
                  addition to any other license(s) of the initial developer.
              </item>
            </list>
        </item>
        <item>
            <bullet>4.</bullet>
          You may distribute machine-executable forms of the Software or machine-executable forms of
             modified versions of the Software, provided that you meet these restrictions:
           <list>
              <item>
                  <bullet>a.</bullet>
                You must include this license document in the distribution.
              </item>
              <item>
                  <bullet>b.</bullet>
                You must ensure that all recipients of the machine-executable forms are also able to receive the
                 complete machine-readable source code to the distributed Software, including all
                 modifications, without any charge beyond the costs of data transfer, and place prominent
                 notices in the distribution explaining this.
              </item>
              <item>
                  <bullet>c.</bullet>
                You must ensure that all modifications included in the machine-executable forms are available
                   under the terms of this license.
              </item>
            </list>
        </item>
        <item>
            <bullet>5.</bullet>
          You may use the original or modified versions of the Software to compile, link and run
             application programs legally developed by you or by others.
        </item>
        <item>
            <bullet>6.</bullet>
          You may develop application programs, reusable components and other software items that link with
             the original or modified versions of the Software. These items, when distributed, are subject
             to the following requirements:
            <list>
              <item>
                  <bullet>a.</bullet>
                You must ensure that all recipients of machine-executable forms of these items are also able to
                   receive and use the complete machine-readable source code to the items without any charge
                   beyond the costs of data transfer.
              </item>
              <item>
                  <bullet>b.</bullet>
                You must explicitly license all recipients of your items to use and re-distribute original and
                   modified versions of the items in both machine-executable and source code forms. The
                   recipients must be able to do so without any charges whatsoever, and they must be able to
                   re-distribute to anyone they choose.
              </item>
              <item>
                  <bullet>c.</bullet>
                If the items are not available to the general public, and the initial developer of the Software
                   requests a copy of the items, then you must supply one.
              </item>
            </list>
         </item>
        </list>
      <p>Limitations of Liability</p>
      <p>In no event shall the initial developers or copyright holders be liable for any damages whatsoever,
         including - but not restricted to - lost revenue or profits or other direct, indirect, special,
         incidental or consequential damages, even if they have been advised of the possibility of such
         damages, except to the extent invariable law, if any, provides otherwise.</p>
      <p>No Warranty</p>
      <p>The Software and this license document are provided AS IS with NO WARRANTY OF ANY KIND, INCLUDING THE
         WARRANTY OF DESIGN, MERCHANTABILITY AND FITNESS FOR A PARTICULAR PURPOSE.</p>
      <p>Choice of Law</p>
      <p>This license is governed by the Laws of Norway. Disputes shall be settled by Oslo City Court.</p>
    </text>
  </license>
</SPDXLicenseCollection>
