<?xml version="1.0" encoding="UTF-8"?>
<SPDXLicenseCollection xmlns="http://www.spdx.org/license">
   <license isOsiApproved="false" licenseId="TORQUE-1.1"
            name="TORQUE v2.5+ Software License v1.1">
      <crossRefs>
         <crossRef>https://fedoraproject.org/wiki/Licensing/TORQUEv1.1</crossRef>
      </crossRefs>
    <text>
      <titleText>
         <p>TORQUE v2.5+ Software License v1.1</p>
      </titleText>
      <copyrightText>
         <p>Copyright (c) 2010-2011 Adaptive Computing Enterprises, Inc. All rights reserved.</p>
      </copyrightText>
      <optional>
         <p>Use this license to use or redistribute the TORQUE software v2.5+ and later versions. For free support for
         TORQUE users, questions should be emailed to the community of TORQUE users at
         torqueusers@supercluster.org. Users can also subscribe to the user mailing list at
         http://www.supercluster.org/mailman/listinfo/torqueusers. Customers using TORQUE that also are licensed
         users of Moab branded software from Adaptive Computing Inc. can get TORQUE support from Adaptive Computing
         via:
        <br/>Email: torque-support@adaptivecomputing.com.
        <br/>Phone: (801) 717-3700
        <br/>Web: www.adaptivecomputing.com www.clusterresources.com
      </p>
      </optional>
      <p>This license covers use of the TORQUE v2.5 software (the "Software") at your site or location, and, for
         certain users, redistribution of the Software to other sites and locations1. Later versions of TORQUE are
         also covered by this license. Use and redistribution of TORQUE v2.5 in source and binary forms, with or
         without modification, are permitted provided that all of the following conditions are met.</p>

      <list>
        <item>
            <bullet>1.</bullet>
          Any Redistribution of source code must retain the above copyright notice and the acknowledgment
             contained in paragraph 5, this list of conditions and the disclaimer contained in paragraph 5.
        </item>
        <item>
            <bullet>2.</bullet>
          Any Redistribution in binary form must reproduce the above copyright notice and the acknowledgment
             contained in paragraph 4, this list of conditions and the disclaimer contained in paragraph 5 in
             the documentation and/or other materials provided with the distribution.
        </item>
        <item>
            <bullet>3.</bullet>
          Redistributions in any form must be accompanied by information on how to obtain complete source code
             for TORQUE and any modifications and/or additions to TORQUE. The source code must either be
             included in the distribution or be available for no more than the cost of distribution plus a
             nominal fee, and all modifications and additions to the Software must be freely redistributable by
             any party (including Licensor) without restriction.
        </item>
        <item>
            <bullet>4.</bullet>
          All advertising materials mentioning features or use of the Software must display the following
             acknowledgment:
            <br/>"TORQUE is a modification of OpenPBS which was developed by NASA Ames Research Center, Lawrence
                 Livermore National Laboratory, and Veridian TORQUE Open Source License v1.1. 1 Information
                 Solutions, Inc. Visit www.clusterresources.com/products/ for more information about TORQUE
                 and to download TORQUE. For information about Moab branded products and so receive support
                 from Adaptive Computing for TORQUE, see www.adaptivecomputing.com.”

        </item>
        <item>
            <bullet>5.</bullet>
          DISCLAIMER OF WARRANTY THIS SOFTWARE IS PROVIDED "AS IS" WITHOUT WARRANTY OF ANY KIND. ANY EXPRESS OR
             IMPLIED WARRANTIES, INCLUDING, BUT NOT LIMITED TO, THE IMPLIED WARRANTIES OF MERCHANTABILITY,
             FITNESS FOR A PARTICULAR PURPOSE, AND NON-INFRINGEMENT ARE EXPRESSLY DISCLAIMED. IN NO EVENT SHALL
             ADAPTIVE COMPUTING ENTERPRISES, INC. CORPORATION, ITS AFFILIATED COMPANIES, OR THE U.S. GOVERNMENT
             OR ANY OF ITS AGENCIES BE LIABLE FOR ANY DIRECT OR INDIRECT, INCIDENTAL, SPECIAL, EXEMPLARY, OR
             CONSEQUENTIAL DAMAGES (INCLUDING, BUT NOT LIMITED TO, PROCUREMENT OF SUBSTITUTE GOODS OR SERVICES;
             LOSS OF USE, DATA, OR PROFITS; OR BUSINESS INTERRUPTION) HOWEVER CAUSED AND ON ANY THEORY OF
             LIABILITY, WHETHER IN CONTRACT, STRICT LIABILITY, OR TORT (INCLUDING NEGLIGENCE OR OTHERWISE)
             ARISING IN ANY WAY OUT OF THE USE OF THIS SOFTWARE, EVEN IF ADVISED OF THE POSSIBILITY OF SUCH
             DAMAGE.
        </item>
      </list>
      <p>This license will be governed by the laws of Utah, without reference to its choice of law rules.</p>
      <optional>
         <p>Note 1: TORQUE is developed from an earlier version v2.3 of OpenPBS. TORQUE has been developed beyond OpenPBS
         v2.3. The OpenPBS v2.3 license and OpenPBS software can be obtained at:
        <br/>http://www.pbsworks.com/ResLibSearchResult.aspx?keywords=openpbs&amp;industry=All&amp;pro
             duct_service=All&amp;category=Free%20Software%20Downloads&amp;order_by=title. Users of TORQUE
             should comply with the TORQUE license as well as the OpenPBS license.
      </p>
      </optional>
    </text>
  </license>
</SPDXLicenseCollection>
