<?xml version="1.0" encoding="UTF-8"?>
<SPDXLicenseCollection xmlns="http://www.spdx.org/license">
    <license isOsiApproved="true" licenseId="Unicode-DFS-2016" listVersionAdded="2.6"
            name="Unicode License Agreement - Data Files and Software (2016)">
        <crossRefs>
            <crossRef>http://www.unicode.org/copyright.html</crossRef>
        </crossRefs>
        <text>
            <titleText>
                <p>UNICODE, INC. LICENSE AGREEMENT - DATA FILES AND SOFTWARE</p>
            </titleText>
            <p>Unicode Data Files include all data files under the directories
         http://www.unicode.org/Public/,
         http://www.unicode.org/reports/,
         http://www.unicode.org/cldr/data/,
         http://source.icu-project.org/repos/icu/,
                <optional>http://www.unicode.org/ivd/data/,</optional> and
         http://www.unicode.org/utility/trac/browser/.
            </p>
            <p>Unicode Data Files do not include PDF online code charts under
         the directory http://www.unicode.org/Public/.</p>
            <p>Software includes any source code published in the Unicode
         Standard or under the directories
         http://www.unicode.org/Public/,
         http://www.unicode.org/reports/,
         http://www.unicode.org/cldr/data/,
         http://source.icu-project.org/repos/icu/, and
         http://www.unicode.org/utility/trac/browser/.</p>
            <p>NOTICE TO USER: Carefully read the following legal agreement. BY
         DOWNLOADING, INSTALLING, COPYING OR OTHERWISE USING UNICODE
         INC.'S DATA FILES ("DATA FILES"), AND/OR SOFTWARE
         ("SOFTWARE"), YOU UNEQUIVOCALLY ACCEPT, AND AGREE TO BE BOUND
         BY, ALL OF THE TERMS AND CONDITIONS OF THIS AGREEMENT. IF YOU
         DO NOT AGREE, DO NOT DOWNLOAD, INSTALL, COPY, DISTRIBUTE OR
         USE THE DATA FILES OR SOFTWARE.</p>
            <p>COPYRIGHT AND PERMISSION NOTICE</p>
            <copyrightText>
                <p>Copyright © 1991-2016 Unicode, Inc. All rights reserved.
         Distributed under the Terms of Use in
         http://www.unicode.org/copyright.html.</p>
            </copyrightText>
            <p>Permission is hereby granted, free of charge, to any person
         obtaining a copy of the Unicode data files and any associated
         documentation (the "Data Files") or Unicode software and any
         associated documentation (the "Software") to deal in the Data
         Files or Software without restriction, including without
         limitation the rights to use, copy, modify, merge, publish,
         distribute, and/or sell copies of the Data Files or Software,
         and to permit persons to whom the Data Files or Software are
         furnished to do so, provided that either</p>
            <list>
                <item>
                    <bullet>(a)</bullet>
          this copyright and permission notice appear with all
             copies of the Data Files or Software, or
                </item>
                <item>
                    <bullet>(b)</bullet>
          this copyright and permission notice appear in associated
             Documentation.
                </item>
            </list>
            <p>THE DATA FILES AND SOFTWARE ARE PROVIDED "AS IS", WITHOUT
         WARRANTY OF ANY KIND, EXPRESS OR IMPLIED, INCLUDING BUT NOT
         LIMITED TO THE WARRANTIES OF MERCHANTABILITY, FITNESS FOR A
         PARTICULAR PURPOSE AND NONINFRINGEMENT OF THIRD PARTY RIGHTS.
         IN NO EVENT SHALL THE COPYRIGHT HOLDER OR HOLDERS INCLUDED IN
         THIS NOTICE BE LIABLE FOR ANY CLAIM, OR ANY SPECIAL INDIRECT
         OR CONSEQUENTIAL DAMAGES, OR ANY DAMAGES WHATSOEVER RESULTING
         FROM LOSS OF USE, DATA OR PROFITS, WHETHER IN AN ACTION OF
         CONTRACT, NEGLIGENCE OR OTHER TORTIOUS ACTION, ARISING OUT OF
         OR IN CONNECTION WITH THE USE OR PERFORMANCE OF THE DATA FILES
         OR SOFTWARE.</p>
            <p>Except as contained in this notice, the name of a copyright
         holder shall not be used in advertising or otherwise to
         promote the sale, use or other dealings in these Data Files or
         Software without prior written authorization of the copyright
         holder.</p>
        </text>
    </license>
</SPDXLicenseCollection>
