<?xml version="1.0" encoding="UTF-8"?>
<SPDXLicenseCollection xmlns="http://www.spdx.org/license">
   <license isOsiApproved="true" licenseId="Xnet" name="X.Net License">
      <crossRefs>
         <crossRef>https://opensource.org/licenses/Xnet</crossRef>
      </crossRefs>
      <notes>This license is the same as MIT, but with a choice of law clause. This License has been voluntarily
         deprecated by its author.</notes>
    <text>
      <titleText>
         <p>The X.Net, Inc. License</p>
      </titleText>
      <copyrightText>
         <p>Copyright (c) 2000-2001 X.Net, Inc. Lafayette, California, USA</p>
      </copyrightText>

      <p>Permission is hereby granted, free of charge, to any person obtaining a copy of this software and
         associated documentation files (the "Software"), to deal in the Software without restriction,
         including without limitation the rights to use, copy, modify, merge, publish, distribute, sublicense,
         and/or sell copies of the Software, and to permit persons to whom the Software is furnished to do so,
         subject to the following conditions:</p>
      <p>The above copyright notice and this permission notice shall be included in all copies or substantial
         portions of the Software.</p>
      <p>THE SOFTWARE IS PROVIDED "AS IS", WITHOUT WARRANTY OF ANY KIND, EXPRESS OR IMPLIED, INCLUDING BUT NOT
         LIMITED TO THE WARRANTIES OF MERCHANTABILITY, FITNESS FOR A PARTICULAR PURPOSE AND NONINFRINGEMENT. IN
         NO EVENT SHALL THE AUTHORS OR COPYRIGHT HOLDERS BE LIABLE FOR ANY CLAIM, DAMAGES OR OTHER LIABILITY,
         WHETHER IN AN ACTION OF CONTRACT, TORT OR OTHERWISE, ARISING FROM, OUT OF OR IN CONNECTION WITH THE
         SOFTWARE OR THE USE OR OTHER DEALINGS IN THE SOFTWARE.</p>
      <p>This agreement shall be governed in all respects by the laws of the State of California and by the laws
         of the United States of America.</p>
    </text>
  </license>
</SPDXLicenseCollection>
