<?xml version="1.0" encoding="UTF-8"?>
<SPDXLicenseCollection xmlns="http://www.spdx.org/license">
   <license isOsiApproved="false" licenseId="xpp" name="XPP License">
      <crossRefs>
         <crossRef>https://fedoraproject.org/wiki/Licensing/xpp</crossRef>
      </crossRefs>
    <text>
      <titleText>
         <p>LICENSE FOR THE Extreme! Lab PullParser</p>
      </titleText>
      <copyrightText>
         <p>Copyright (c) 2002 The Trustees of Indiana University. All rights reserved.</p>
      </copyrightText>

      <p>Redistribution and use in source and binary forms, with or without modification, are permitted provided
         that the following conditions are met:</p>
      <list>
        <item>
            <bullet>1)</bullet>
          All redistributions of source code must retain the above copyright notice, the list of authors in
             the original source code, this list of conditions and the disclaimer listed in this
             license;
        </item>
        <item>
            <bullet>2)</bullet>
          All redistributions in binary form must reproduce the above copyright notice, this list of
             conditions and the disclaimer listed in this license in the documentation and/or other
             materials provided with the distribution;
        </item>
        <item>
            <bullet>3)</bullet>
          Any documentation included with all redistributions must include the following acknowledgement:
          <p>"This product includes software developed by the Indiana University Extreme! Lab. For further
             information please visit http://www.extreme.indiana.edu/"</p>
            <p>Alternatively, this acknowledgment may appear in the software itself, and wherever such
             third-party acknowledgments normally appear.</p>
        </item>
        <item>
            <bullet>4)</bullet>
          The name "Indiana Univeristy" and "Indiana Univeristy Extreme! Lab" shall not be used to endorse
             or promote products derived from this software without prior written permission from Indiana
             University. For written permission, please contact http://www.extreme.indiana.edu/.
        </item>
        <item>
            <bullet>5)</bullet>
          Products derived from this software may not use "Indiana Univeristy" name nor may "Indiana
             Univeristy" appear in their name, without prior written permission of the Indiana University.
             Indiana University provides no reassurances that the source code provided does not infringe
             the patent or any other intellectual property rights of any other entity. Indiana University
             disclaims any liability to any recipient for claims brought by any other entity based on
             infringement of intellectual property rights or otherwise.
        </item>
      </list>
      <p>LICENSEE UNDERSTANDS THAT SOFTWARE IS PROVIDED "AS IS" FOR WHICH NO WARRANTIES AS TO CAPABILITIES OR
         ACCURACY ARE MADE. INDIANA UNIVERSITY GIVES NO WARRANTIES AND MAKES NO REPRESENTATION THAT SOFTWARE IS
         FREE OF INFRINGEMENT OF THIRD PARTY PATENT, COPYRIGHT, OR OTHER PROPRIETARY RIGHTS. INDIANA UNIVERSITY
         MAKES NO WARRANTIES THAT SOFTWARE IS FREE FROM "BUGS", "VIRUSES", "TROJAN HORSES", "TRAP DOORS",
         "WORMS", OR OTHER HARMFUL CODE. LICENSEE ASSUMES THE ENTIRE RISK AS TO THE PERFORMANCE OF SOFTWARE
         AND/OR ASSOCIATED MATERIALS, AND TO THE PERFORMANCE AND VALIDITY OF INFORMATION GENERATED USING
         SOFTWARE.</p>
    </text>
  </license>
</SPDXLicenseCollection>
